hash,nonce,blockHash,blockNumber,transactionIndex,from,to,value,gas,gasUsed,gasPrice,input,contractAddress,status,fee,timestamp
0x9e0f2f297132d687479c4b1159fde81f5b9ea778b1e376ba56c3a9541cf4a2a8,3260893,0x35079a8221f8b15b140a16c15af5b3fcb2fb818dc6253cffce214d649af16c09,47334331,0,0xd76fd76F7101811726DCE9E43C2617706a4c45c8,0x0000000000000000000000000000000000000092,0,40000000,0,0,0x597c96b9ae10f67e2d9a2ec06c7cc1de30ecfa0725a2066d1e6d49874b0636ae56e81f171bcc55a6ff8345e692c0f86e5b48e01b996cadc001622fb5e363b421,,success,0,1701475178
0x017687eddf6e408a22e1d96673558109b58b3cd70a822475f03178caa2b6990a,3260804,0x68e70907df8e0e4e7ddb542950ca2fbb90eea10d84a141df4c7d324381e60b16,47334330,0,0xfFC679Dcdf444D2eEb0491A998E7902B411CcF20,0x0000000000000000000000000000000000000092,0,40000000,0,0,0x597c96b9ae10f67e2d9a2ec06c7cc1de30ecfa0725a2066d1e6d49874b0636ae56e81f171bcc55a6ff8345e692c0f86e5b48e01b996cadc001622fb5e363b421,,success,0,1701475176
0x5fed6978a428e83ddc0ef7fd89484c2bc9b5484f328bad96fc4ec73b637f437b,3260803,0x815817f3701df314e666a4e6b2ce4edbcdc5af2426389407852a2d9d9cd3514d,47334329,0,0x8A97753311aeAFACfd76a68Cf2e2a9808d3e65E8,0x0000000000000000000000000000000000000092,0,40000000,0,0,0x597c96b9ae10f67e2d9a2ec06c7cc1de30ecfa0725a2066d1e6d49874b0636ae56e81f171bcc55a6ff8345e692c0f86e5b48e01b996cadc001622fb5e363b421,,success,0,1701475174
0xdaac66633f4a377ded0722f9aae6bf836aef843e85f729f43023c18525670057,3260892,0xf6fa769d14874fb3d397b0cd5e8f4e55969ce628f3206d4177d3b8cd3a04ccc5,47334316,0,0xd76fd76F7101811726DCE9E43C2617706a4c45c8,0x0000000000000000000000000000000000000092,0,40000000,0,0,0x597c96b9ae10f67e2d9a2ec06c7cc1de30ecfa0725a2066d1e6d49874b0636ae56e81f171bcc55a6ff8345e692c0f86e5b48e01b996cadc001622fb5e363b421,,success,0,1701475148
0xf325151d8d4b9fddec25d6e7c55b0981379332940de0025f79d7f04890b2b5e7,3260803,0xfc16c5b77839db0def5ede38ecdced0da60e3b2b90a8b369abdd9d0df0cb0097,47334315,0,0xfFC679Dcdf444D2eEb0491A998E7902B411CcF20,0x0000000000000000000000000000000000000092,0,40000000,0,0,0x597c96b9ae10f67e2d9a2ec06c7cc1de30ecfa0725a2066d1e6d49874b0636ae56e81f171bcc55a6ff8345e692c0f86e5b48e01b996cadc001622fb5e363b421,,success,0,1701475146
0x37c469f142ec03fae96f13fe882556e0f25b7182d8c0a7c3ea9a825bab7510a9,3260802,0xd3a65e8764f202194fbfe53f7b47ae4d96998f79b37cf533bf6d7dc68f9608b8,47334314,0,0x8A97753311aeAFACfd76a68Cf2e2a9808d3e65E8,0x0000000000000000000000000000000000000092,0,40000000,0,0,0x597c96b9ae10f67e2d9a2ec06c7cc1de30ecfa0725a2066d1e6d49874b0636ae56e81f171bcc55a6ff8345e692c0f86e5b48e01b996cadc001622fb5e363b421,,success,0,1701475144
0xc4c973bf46f3cae4b23e55e821800f30cfb3245e97fc0a322d6efa1c980a5a03,3260891,0xad0d1838145931a569a5ef0928d8c07b6fc6292e11b6294fd7ac0fe6f022524a,47334301,0,0xd76fd76F7101811726DCE9E43C2617706a4c45c8,0x0000000000000000000000000000000000000092,0,40000000,0,0,0x597c96b9ae10f67e2d9a2ec06c7cc1de30ecfa0725a2066d1e6d49874b0636ae56e81f171bcc55a6ff8345e692c0f86e5b48e01b996cadc001622fb5e363b421,,success,0,1701475118
0xa07b7a587e5c1dc66f9bcadfd7c17072b08364230d29a0a6c7e52f318a4283d8,3260802,0x0bb009a0459d32ac89ffd9377614bfc64df1971d8aac3e83ef2b2c00c3cd2f20,47334300,0,0xfFC679Dcdf444D2eEb0491A998E7902B411CcF20,0x0000000000000000000000000000000000000092,0,40000000,0,0,0x597c96b9ae10f67e2d9a2ec06c7cc1de30ecfa0725a2066d1e6d49874b0636ae56e81f171bcc55a6ff8345e692c0f86e5b48e01b996cadc001622fb5e363b421,,success,0,1701475116
0x81182eeb102fef56ce68e1555fdc1da2169961c668c4bec2c177bd2d45396186,3260801,0xdbf2f47d22021a5a356e9d8fc50ddc850458dfb48b30e9e289a35e0e289ca5d6,47334299,0,0x8A97753311aeAFACfd76a68Cf2e2a9808d3e65E8,0x0000000000000000000000000000000000000092,0,40000000,0,0,0x597c96b9ae10f67e2d9a2ec06c7cc1de30ecfa0725a2066d1e6d49874b0636ae56e81f171bcc55a6ff8345e692c0f86e5b48e01b996cadc001622fb5e363b421,,success,0,1701475114
0x5fb6d3a456deee911100a5b6131918675c1c4bc9e0d9f94af0315264631a3d64,3260890,0xe05e1c164650f05e5cbb4453785ec3b192c7c001cdeb38ff5a406ed11dd8af33,47334286,0,0xd76fd76F7101811726DCE9E43C2617706a4c45c8,0x0000000000000000000000000000000000000092,0,40000000,0,0,0x597c96b9ae10f67e2d9a2ec06c7cc1de30ecfa0725a2066d1e6d49874b0636ae56e81f171bcc55a6ff8345e692c0f86e5b48e01b996cadc001622fb5e363b421,,success,0,1701475088
0x3598f8b20aadb2b116bed85cf4c165c34dc314caffae2c3003668f7a0a1aac93,3260801,0xb17a4eaec6259250d1ad0059c5a1eb1f5e72054cf5e1b90ec249b35bbcac1c1b,47334285,0,0xfFC679Dcdf444D2eEb0491A998E7902B411CcF20,0x0000000000000000000000000000000000000092,0,40000000,0,0,0x597c96b9ae10f67e2d9a2ec06c7cc1de30ecfa0725a2066d1e6d49874b0636ae56e81f171bcc55a6ff8345e692c0f86e5b48e01b996cadc001622fb5e363b421,,success,0,1701475086
0xad3c01f300e7bb0a0c8a5444384d637c7afd25e8e794862ad4666b4a3eef69f9,3260800,0xd17828bec88673758237dd5c9b833d2d3c2dae80f86292e7b8575388db4e351c,47334284,0,0x8A97753311aeAFACfd76a68Cf2e2a9808d3e65E8,0x0000000000000000000000000000000000000092,0,40000000,0,0,0x597c96b9ae10f67e2d9a2ec06c7cc1de30ecfa0725a2066d1e6d49874b0636ae56e81f171bcc55a6ff8345e692c0f86e5b48e01b996cadc001622fb5e363b421,,success,0,1701475084
0x05aacc57bfcf68cdab9a694e2b3b0ee133f2cea17708cc72b135d636858fa0de,3260889,0xe5eb37466660dfc9c95f14bec86c1e52033185a8e0c6c61c723af34d18fb36da,47334271,0,0xd76fd76F7101811726DCE9E43C2617706a4c45c8,0x0000000000000000000000000000000000000092,0,40000000,0,0,0x597c96b9ae10f67e2d9a2ec06c7cc1de30ecfa0725a2066d1e6d49874b0636ae56e81f171bcc55a6ff8345e692c0f86e5b48e01b996cadc001622fb5e363b421,,success,0,1701475058
0xaad9e7ba9baa0a4f2bfb8ee410aefbce14e0d95b49237c25ff693347cdeca08b,3260800,0xfa43f7ea9330ac487dc8bfafd3a03d3bf4965ccf6267afc7d7b24be508ce85df,47334270,0,0xfFC679Dcdf444D2eEb0491A998E7902B411CcF20,0x0000000000000000000000000000000000000092,0,40000000,0,0,0x597c96b9ae10f67e2d9a2ec06c7cc1de30ecfa0725a2066d1e6d49874b0636ae56e81f171bcc55a6ff8345e692c0f86e5b48e01b996cadc001622fb5e363b421,,success,0,1701475056
0xfba85bd8e089db02636bebd6fffbde7f138098357ba3cc00b00a4205c6a17070,3260799,0x5d48d94c4f8bf2dfdcb7321c29888abb81a72f299283d1470e11008e373dc9f3,47334269,0,0x8A97753311aeAFACfd76a68Cf2e2a9808d3e65E8,0x0000000000000000000000000000000000000092,0,40000000,0,0,0x597c96b9ae10f67e2d9a2ec06c7cc1de30ecfa0725a2066d1e6d49874b0636ae56e81f171bcc55a6ff8345e692c0f86e5b48e01b996cadc001622fb5e363b421,,success,0,1701475054
0x3f1f2ad783ed9898aba5f7863efb36637c2f9f6df48337d8592dbb06590065d2,3260888,0x39311435922f2dd40919045b13b5d792b1b195002b9527be8749ae60bc529c03,47334256,0,0xd76fd76F7101811726DCE9E43C2617706a4c45c8,0x0000000000000000000000000000000000000092,0,40000000,0,0,0x597c96b9ae10f67e2d9a2ec06c7cc1de30ecfa0725a2066d1e6d49874b0636ae56e81f171bcc55a6ff8345e692c0f86e5b48e01b996cadc001622fb5e363b421,,success,0,1701475028
0x5bd9e9ac9f0a52b52ffdfa0666895e38dbe3c281c28cad86cfd58fccf56c1c7d,3260799,0xa574b70c8994ffcbc508f4fe1e705d7dbdc4fdd992a51b07bc50402fc86ff9a1,47334255,0,0xfFC679Dcdf444D2eEb0491A998E7902B411CcF20,0x0000000000000000000000000000000000000092,0,40000000,0,0,0x597c96b9ae10f67e2d9a2ec06c7cc1de30ecfa0725a2066d1e6d49874b0636ae56e81f171bcc55a6ff8345e692c0f86e5b48e01b996cadc001622fb5e363b421,,success,0,1701475026
0x95cf2cefd841671d903994d837004e4e31a0abb0906df34737aeaa7bc61a8978,3260798,0xd1427e6cf7b4d227d80d8c493272739fda8e24add584b9e36fea7c7152c07c4f,47334254,0,0x8A97753311aeAFACfd76a68Cf2e2a9808d3e65E8,0x0000000000000000000000000000000000000092,0,40000000,0,0,0x597c96b9ae10f67e2d9a2ec06c7cc1de30ecfa0725a2066d1e6d49874b0636ae56e81f171bcc55a6ff8345e692c0f86e5b48e01b996cadc001622fb5e363b421,,success,0,1701475024
0x9e3f20b130abca79eb9d44bedb77fc8708cdfe4598f860701a193f5645af3f38,3260887,0xb992b3aa680da37bda31559642cbe6bb8c400bea35508f30a9d2f66b2c9f3f36,47334241,0,0xd76fd76F7101811726DCE9E43C2617706a4c45c8,0x0000000000000000000000000000000000000092,0,40000000,0,0,0x597c96b9ae10f67e2d9a2ec06c7cc1de30ecfa0725a2066d1e6d49874b0636ae56e81f171bcc55a6ff8345e692c0f86e5b48e01b996cadc001622fb5e363b421,,success,0,1701474998
0xc5ecee4eeebee30a5bc66fc8438c6cc83a704165776a40daf3ba0d11714cf302,3260798,0x181c489d4b7d46542274f6f925f607c12bef64d620ff80e7f1100e6108a4bf79,47334240,0,0xfFC679Dcdf444D2eEb0491A998E7902B411CcF20,0x0000000000000000000000000000000000000092,0,40000000,0,0,0x597c96b9ae10f67e2d9a2ec06c7cc1de30ecfa0725a2066d1e6d49874b0636ae56e81f171bcc55a6ff8345e692c0f86e5b48e01b996cadc001622fb5e363b421,,success,0,1701474996
0x5a605428379b24d025fd74498ef0866a16915033bb03840842190c158417c68e,3260797,0xf53ce28b7761ea38bd99149ece76725b627211fff04a089e5ee35b8647151e05,47334239,0,0x8A97753311aeAFACfd76a68Cf2e2a9808d3e65E8,0x0000000000000000000000000000000000000092,0,40000000,0,0,0x597c96b9ae10f67e2d9a2ec06c7cc1de30ecfa0725a2066d1e6d49874b0636ae56e81f171bcc55a6ff8345e692c0f86e5b48e01b996cadc001622fb5e363b421,,success,0,1701474994
0x49e03d8bf88a78973bf26ed31e69911c9083673eff3c2423725100f7bd5124c0,3260886,0x969e15565db7502dc3bace8887730ed4497d04003c443b4ca07a468221806822,47334226,0,0xd76fd76F7101811726DCE9E43C2617706a4c45c8,0x0000000000000000000000000000000000000092,0,40000000,0,0,0x597c96b9ae10f67e2d9a2ec06c7cc1de30ecfa0725a2066d1e6d49874b0636ae56e81f171bcc55a6ff8345e692c0f86e5b48e01b996cadc001622fb5e363b421,,success,0,1701474968
0xc3738639c11fcf6527cc4af74a1dde36330a41c97f2741d627281cf22e6ff870,3260797,0x7a77d9dbe485722d50dab4ad93e8a8e83e4258712ea4dfa336891487f7ed2ab5,47334225,0,0xfFC679Dcdf444D2eEb0491A998E7902B411CcF20,0x0000000000000000000000000000000000000092,0,40000000,0,0,0x597c96b9ae10f67e2d9a2ec06c7cc1de30ecfa0725a2066d1e6d49874b0636ae56e81f171bcc55a6ff8345e692c0f86e5b48e01b996cadc001622fb5e363b421,,success,0,1701474966
0xccad32121b5ddd0ad0f74faf26c8ba6ef4cf12ddf0aeea5da2fa2a4f1dcbbb00,3260796,0xf027d0eb3ee3d14ff32136e4d4f798b87ef8c650270b5216ee69b9bcdc71ec5c,47334224,0,0x8A97753311aeAFACfd76a68Cf2e2a9808d3e65E8,0x0000000000000000000000000000000000000092,0,40000000,0,0,0x597c96b9ae10f67e2d9a2ec06c7cc1de30ecfa0725a2066d1e6d49874b0636ae56e81f171bcc55a6ff8345e692c0f86e5b48e01b996cadc001622fb5e363b421,,success,0,1701474964
0x4eb5f738965947c206165d4208075327d8c925466df47cf8a863d4ab658de06e,3260885,0x79a78f42f8506e09fa59374f6b89de1210b4b2351c6db8fdec630bd6be4363a3,47334211,0,0xd76fd76F7101811726DCE9E43C2617706a4c45c8,0x0000000000000000000000000000000000000092,0,40000000,0,0,0x597c96b9ae10f67e2d9a2ec06c7cc1de30ecfa0725a2066d1e6d49874b0636ae56e81f171bcc55a6ff8345e692c0f86e5b48e01b996cadc001622fb5e363b421,,success,0,1701474938
0x6a8c150ee75ca6e6866706bb436db3c9f9f79615f718d593daa0174a8d9ab1ec,3260796,0x959b0c2bdbbbee682a64cb3c6dce96e6af0e8863f00706a97a8cd5f9da6fa0f3,47334210,0,0xfFC679Dcdf444D2eEb0491A998E7902B411CcF20,0x0000000000000000000000000000000000000092,0,40000000,0,0,0x597c96b9ae10f67e2d9a2ec06c7cc1de30ecfa0725a2066d1e6d49874b0636ae56e81f171bcc55a6ff8345e692c0f86e5b48e01b996cadc001622fb5e363b421,,success,0,1701474936
0xab80bde34065dbd05e5dda5593f67a5d14722038f39dc295920d4b7c61cf18a7,3260795,0x6c2813d7af4e22639f456c8517c5064861690d8ce84172bb2a2487d92e7558aa,47334209,0,0x8A97753311aeAFACfd76a68Cf2e2a9808d3e65E8,0x0000000000000000000000000000000000000092,0,40000000,0,0,0x597c96b9ae10f67e2d9a2ec06c7cc1de30ecfa0725a2066d1e6d49874b0636ae56e81f171bcc55a6ff8345e692c0f86e5b48e01b996cadc001622fb5e363b421,,success,0,1701474934
0x3d5509ebd9cb601caea6a78b898580383b63009568bcfd23b7cf009aa0649a70,3260884,0xf35e01bed0b80b11c8ce984eb2babff7688b80285e765053d58231547ee333ec,47334196,0,0xd76fd76F7101811726DCE9E43C2617706a4c45c8,0x0000000000000000000000000000000000000092,0,40000000,0,0,0x597c96b9ae10f67e2d9a2ec06c7cc1de30ecfa0725a2066d1e6d49874b0636ae56e81f171bcc55a6ff8345e692c0f86e5b48e01b996cadc001622fb5e363b421,,success,0,1701474908
0xbc3fa13e6adb85b49a11fa28d6eb85f6a07018133f96d59704bc9c0e90b7ec9b,3260795,0x09bf5f65f0c03859a46a556a4a5e2b3ee536143750a861c61213fad6002a1b0b,47334195,0,0xfFC679Dcdf444D2eEb0491A998E7902B411CcF20,0x0000000000000000000000000000000000000092,0,40000000,0,0,0x597c96b9ae10f67e2d9a2ec06c7cc1de30ecfa0725a2066d1e6d49874b0636ae56e81f171bcc55a6ff8345e692c0f86e5b48e01b996cadc001622fb5e363b421,,success,0,1701474906
0x67c52f9b2ddd326be22be699668c0e5fd6749d3e4cba73f1a1a5860ec62165b1,3260794,0xbb802974ff228b9b4f2e4629f6b2a462cec0537410fecebc816b4c0e1c6f342d,47334194,0,0x8A97753311aeAFACfd76a68Cf2e2a9808d3e65E8,0x0000000000000000000000000000000000000092,0,40000000,0,0,0x597c96b9ae10f67e2d9a2ec06c7cc1de30ecfa0725a2066d1e6d49874b0636ae56e81f171bcc55a6ff8345e692c0f86e5b48e01b996cadc001622fb5e363b421,,success,0,1701474904
0x0a4772c315c7bda3cfd5510d195732983603e099e3f5dd6a9018a1791a73d6a2,3260883,0xbd0bbfd019dd73fb606cbf83920d65d8baf2c4a70a2029605571c8f83688e92a,47334181,0,0xd76fd76F7101811726DCE9E43C2617706a4c45c8,0x0000000000000000000000000000000000000092,0,40000000,0,0,0x597c96b9ae10f67e2d9a2ec06c7cc1de30ecfa0725a2066d1e6d49874b0636ae56e81f171bcc55a6ff8345e692c0f86e5b48e01b996cadc001622fb5e363b421,,success,0,1701474878
0x32da18d15e9129e3544db56a85a0ad0fec4b468546dcc1a3528735856e2ea8ce,3260794,0x9be7ee5c4fbbc85412a7ba9ea070bb60f86290a00a71eb216e17469956a37047,47334180,0,0xfFC679Dcdf444D2eEb0491A998E7902B411CcF20,0x0000000000000000000000000000000000000092,0,40000000,0,0,0x597c96b9ae10f67e2d9a2ec06c7cc1de30ecfa0725a2066d1e6d49874b0636ae56e81f171bcc55a6ff8345e692c0f86e5b48e01b996cadc001622fb5e363b421,,success,0,1701474876
0xf2d7acf02d2bca250de9fec2e9e719fa33842fb613937c5fcfc3d941b3f7a8a2,3260793,0xafa53429bf263555a82785130991de78b036b268752bde0c5d53ed8d2acea96a,47334179,0,0x8A97753311aeAFACfd76a68Cf2e2a9808d3e65E8,0x0000000000000000000000000000000000000092,0,40000000,0,0,0x597c96b9ae10f67e2d9a2ec06c7cc1de30ecfa0725a2066d1e6d49874b0636ae56e81f171bcc55a6ff8345e692c0f86e5b48e01b996cadc001622fb5e363b421,,success,0,1701474874
0xe31b66430aef5b2f073a0bee4d775d1ef2e4bb652f0c705dbd6c8e6f724c0a74,3260882,0x5fdc8115b046829e478a38a2cb4ab1e97ade1096aba412172534b332baf18914,47334166,0,0xd76fd76F7101811726DCE9E43C2617706a4c45c8,0x0000000000000000000000000000000000000092,0,40000000,0,0,0x597c96b9ae10f67e2d9a2ec06c7cc1de30ecfa0725a2066d1e6d49874b0636ae56e81f171bcc55a6ff8345e692c0f86e5b48e01b996cadc001622fb5e363b421,,success,0,1701474848
0x15e24fae49e3cb0fe21c45d7c630e1a26f319ed3e0c9162c7254e2e3fe07f6d5,3260793,0xe0942ac218a857735587404e7137c02ed650c0598753e86de9e6e5183adfe585,47334165,0,0xfFC679Dcdf444D2eEb0491A998E7902B411CcF20,0x0000000000000000000000000000000000000092,0,40000000,0,0,0x597c96b9ae10f67e2d9a2ec06c7cc1de30ecfa0725a2066d1e6d49874b0636ae56e81f171bcc55a6ff8345e692c0f86e5b48e01b996cadc001622fb5e363b421,,success,0,1701474846
0xd8efbc644e69746a01fb524bf30f60b374d535877335a36c82c2f4c0dfd9aabc,3260792,0x89a2456435fcec5ede34f3e1f2e6782209eb9fee349fa2e2804130d1f32615ff,47334164,0,0x8A97753311aeAFACfd76a68Cf2e2a9808d3e65E8,0x0000000000000000000000000000000000000092,0,40000000,0,0,0x597c96b9ae10f67e2d9a2ec06c7cc1de30ecfa0725a2066d1e6d49874b0636ae56e81f171bcc55a6ff8345e692c0f86e5b48e01b996cadc001622fb5e363b421,,success,0,1701474844
0x77f047fffd0576e6eb20d136e8499d44dbb03a88d58438ca250c16f42ad7150b,3260881,0x9b3e95eca93d6cf479965f2ad4fbc1c00b664df88498153ba73c8dee65e28f1a,47334151,0,0xd76fd76F7101811726DCE9E43C2617706a4c45c8,0x0000000000000000000000000000000000000092,0,40000000,0,0,0x597c96b9ae10f67e2d9a2ec06c7cc1de30ecfa0725a2066d1e6d49874b0636ae56e81f171bcc55a6ff8345e692c0f86e5b48e01b996cadc001622fb5e363b421,,success,0,1701474818
0xf027eeb6311e99837c091060695fb352daee0df23eb0cd7f89042eb8a727d060,3260792,0xe487fc3120d8442119c376a4739211fbd50a04d58e1d7fe8257973629c9373cc,47334150,0,0xfFC679Dcdf444D2eEb0491A998E7902B411CcF20,0x0000000000000000000000000000000000000092,0,40000000,0,0,0x597c96b9ae10f67e2d9a2ec06c7cc1de30ecfa0725a2066d1e6d49874b0636ae56e81f171bcc55a6ff8345e692c0f86e5b48e01b996cadc001622fb5e363b421,,success,0,1701474816
0x3e3b77464b2804112926207d33b5283e834621adc27ed23a384d87d2a18a8aeb,3260791,0x7aacc42efa1800a66716546500557e9930a7d9c2bbc806141751dbb29784874a,47334149,0,0x8A97753311aeAFACfd76a68Cf2e2a9808d3e65E8,0x0000000000000000000000000000000000000092,0,40000000,0,0,0x597c96b9ae10f67e2d9a2ec06c7cc1de30ecfa0725a2066d1e6d49874b0636ae56e81f171bcc55a6ff8345e692c0f86e5b48e01b996cadc001622fb5e363b421,,success,0,1701474814
0xddf513a9e7e17f334e3d5ad98eec825e94ea95675b37a22a62cb81db03c38bfb,3260880,0x88ab45fe870589ca1deba94cb2441aac68f8caf15534261b54036732fe1fabcf,47334136,0,0xd76fd76F7101811726DCE9E43C2617706a4c45c8,0x0000000000000000000000000000000000000092,0,40000000,0,0,0x597c96b9ae10f67e2d9a2ec06c7cc1de30ecfa0725a2066d1e6d49874b0636ae56e81f171bcc55a6ff8345e692c0f86e5b48e01b996cadc001622fb5e363b421,,success,0,1701474788
0x44580dbf5b72b970092a0bbf9573e88af36795eff8b1498d92fd0889d58ce123,3260791,0x6bfba88e9669d80c74203d670c1f2c33fa1ffde4155e9631f7dd7f3a809003a5,47334135,0,0xfFC679Dcdf444D2eEb0491A998E7902B411CcF20,0x0000000000000000000000000000000000000092,0,40000000,0,0,0x597c96b9ae10f67e2d9a2ec06c7cc1de30ecfa0725a2066d1e6d49874b0636ae56e81f171bcc55a6ff8345e692c0f86e5b48e01b996cadc001622fb5e363b421,,success,0,1701474786
0x8356edc93d9b9a3cc51e0f3e35cd8fccc72ab36f260bbf3a859e6f461693edb8,3260790,0xd723afc4cf0cf6be9157690a70f29cd8555bd43ad95a7ceebd31b9870dc100dc,47334134,0,0x8A97753311aeAFACfd76a68Cf2e2a9808d3e65E8,0x0000000000000000000000000000000000000092,0,40000000,0,0,0x597c96b9ae10f67e2d9a2ec06c7cc1de30ecfa0725a2066d1e6d49874b0636ae56e81f171bcc55a6ff8345e692c0f86e5b48e01b996cadc001622fb5e363b421,,success,0,1701474784
0xf99a865c40d4fcf11e512cfc427b54549bbb28441ef5acd89a6c515791b348e2,3260879,0xde2de722a641ef938dfef5b99bb177cd122d5a1c0f79c33cfbc6301dfe28f0cd,47334121,0,0xd76fd76F7101811726DCE9E43C2617706a4c45c8,0x0000000000000000000000000000000000000092,0,40000000,0,0,0x597c96b9ae10f67e2d9a2ec06c7cc1de30ecfa0725a2066d1e6d49874b0636ae56e81f171bcc55a6ff8345e692c0f86e5b48e01b996cadc001622fb5e363b421,,success,0,1701474758
0x2299773a874947abe0151e1d2872f891aa3d328bb68bebf8d488b29368de6acc,3260790,0xfb51692b3dc76c5a10c34ee3f04e475f0c73f6a09ea8433877d4ca1d92de36d9,47334120,0,0xfFC679Dcdf444D2eEb0491A998E7902B411CcF20,0x0000000000000000000000000000000000000092,0,40000000,0,0,0x597c96b9ae10f67e2d9a2ec06c7cc1de30ecfa0725a2066d1e6d49874b0636ae56e81f171bcc55a6ff8345e692c0f86e5b48e01b996cadc001622fb5e363b421,,success,0,1701474756
0x4ccc4d854c5f139ee30670323da80527b9fef5f90b9d41c292e7462d75c7277c,3260789,0x7b3e0ea30fa37b2c75f9c883e3611fed660c11dd3a49a95859a228dad4beb6b1,47334119,0,0x8A97753311aeAFACfd76a68Cf2e2a9808d3e65E8,0x0000000000000000000000000000000000000092,0,40000000,0,0,0x597c96b9ae10f67e2d9a2ec06c7cc1de30ecfa0725a2066d1e6d49874b0636ae56e81f171bcc55a6ff8345e692c0f86e5b48e01b996cadc001622fb5e363b421,,success,0,1701474754
0x97d1c609c6fbd8d8940d115ce6fdbe1300c7e2cf96d7649ea3d34fb35c8d1a10,3260878,0x2cc46902d8c7aa2185b980f8d49fa801c5b9c78bd4bdad3cac1aa83f9642913c,47334106,0,0xd76fd76F7101811726DCE9E43C2617706a4c45c8,0x0000000000000000000000000000000000000092,0,40000000,0,0,0x597c96b9ae10f67e2d9a2ec06c7cc1de30ecfa0725a2066d1e6d49874b0636ae56e81f171bcc55a6ff8345e692c0f86e5b48e01b996cadc001622fb5e363b421,,success,0,1701474728
0xe8a4d370c6dcfca256efc9bf9e6274fe44d9bc1260bbbb3b073b542318c7c8e1,3260789,0xf8bc04bea43aa8eb6d429be7973e21885d93af94191da9f101c867243432ef74,47334105,0,0xfFC679Dcdf444D2eEb0491A998E7902B411CcF20,0x0000000000000000000000000000000000000092,0,40000000,0,0,0x597c96b9ae10f67e2d9a2ec06c7cc1de30ecfa0725a2066d1e6d49874b0636ae56e81f171bcc55a6ff8345e692c0f86e5b48e01b996cadc001622fb5e363b421,,success,0,1701474726
0xe2f21e0d5347fa87bba71ee6f699bdd4fd6737816c3e07469f2da3ccdd567b77,3260788,0xadc5226a9687afb59c17e05b9f05e3d608377ce0e4d14569a06c30a8264dd9f1,47334104,0,0x8A97753311aeAFACfd76a68Cf2e2a9808d3e65E8,0x0000000000000000000000000000000000000092,0,40000000,0,0,0x597c96b9ae10f67e2d9a2ec06c7cc1de30ecfa0725a2066d1e6d49874b0636ae56e81f171bcc55a6ff8345e692c0f86e5b48e01b996cadc001622fb5e363b421,,success,0,1701474724
0x0b5575f881d85e1280051fe247b6e0867e042eb1c1cbab69c74d97817bbde2ea,3260877,0x7848c45a32c8adaea59b828842706e487a9ee00d60546c99572eb7efa7349c19,47334091,0,0xd76fd76F7101811726DCE9E43C2617706a4c45c8,0x0000000000000000000000000000000000000092,0,40000000,0,0,0x597c96b9ae10f67e2d9a2ec06c7cc1de30ecfa0725a2066d1e6d49874b0636ae56e81f171bcc55a6ff8345e692c0f86e5b48e01b996cadc001622fb5e363b421,,success,0,1701474698
0x1c390f88de9f07b758a64463ecc5a58aba60d0edc5681992895c027ae83fd4fa,3260788,0x077edcc70a603a439f02672c9c68fe30abedc812d6ba7d53bc819aa987f310ed,47334090,0,0xfFC679Dcdf444D2eEb0491A998E7902B411CcF20,0x0000000000000000000000000000000000000092,0,40000000,0,0,0x597c96b9ae10f67e2d9a2ec06c7cc1de30ecfa0725a2066d1e6d49874b0636ae56e81f171bcc55a6ff8345e692c0f86e5b48e01b996cadc001622fb5e363b421,,success,0,1701474696
0x58de90afcae183af692fc2e9973d78295cd53bf64cdf7116587416e142a14184,3260787,0x6e839e2671176b260921ac4b9a37ce9b98659d90bd6ad638b8b1b471205b6a2f,47334089,0,0x8A97753311aeAFACfd76a68Cf2e2a9808d3e65E8,0x0000000000000000000000000000000000000092,0,40000000,0,0,0x597c96b9ae10f67e2d9a2ec06c7cc1de30ecfa0725a2066d1e6d49874b0636ae56e81f171bcc55a6ff8345e692c0f86e5b48e01b996cadc001622fb5e363b421,,success,0,1701474694
0x449dcbd0377e1f84d5ad1435684a8b2fa5719c6631c7ccb9fd43abb4d4986806,3260876,0x8f5cb70b28075904d341b58866d5dab8563c1608efc3989644c0dabfcfdcfa7c,47334076,0,0xd76fd76F7101811726DCE9E43C2617706a4c45c8,0x0000000000000000000000000000000000000092,0,40000000,0,0,0x597c96b9ae10f67e2d9a2ec06c7cc1de30ecfa0725a2066d1e6d49874b0636ae56e81f171bcc55a6ff8345e692c0f86e5b48e01b996cadc001622fb5e363b421,,success,0,1701474668
0xb5408e859dd8fd47d2471a1bbb8dc4473a9c6199f97d68e527271a225f6b39b4,3260787,0x74f570e8fc84193d702e8596790f1b5353f75c345ffa8b572637e2ebd1d854f7,47334075,0,0xfFC679Dcdf444D2eEb0491A998E7902B411CcF20,0x0000000000000000000000000000000000000092,0,40000000,0,0,0x597c96b9ae10f67e2d9a2ec06c7cc1de30ecfa0725a2066d1e6d49874b0636ae56e81f171bcc55a6ff8345e692c0f86e5b48e01b996cadc001622fb5e363b421,,success,0,1701474666
0x18eeb9f16ad90e07cafe29ccc071f366604f99c17fb83d8c6d2de47c57e23474,3260786,0xda0df37b2230738caab75cbf122571197f548111ea52b3e1cc7a190e9a86c67c,47334074,0,0x8A97753311aeAFACfd76a68Cf2e2a9808d3e65E8,0x0000000000000000000000000000000000000092,0,40000000,0,0,0x597c96b9ae10f67e2d9a2ec06c7cc1de30ecfa0725a2066d1e6d49874b0636ae56e81f171bcc55a6ff8345e692c0f86e5b48e01b996cadc001622fb5e363b421,,success,0,1701474664
0xb4ed2c059ca63c572c843a36cdc31291c7395bf1fb34be7bb50284c7a9781b46,3260875,0x41ec7941e11b3f315b47265a6547cfe89af494a41af32f5c0fc13863ec452568,47334061,0,0xd76fd76F7101811726DCE9E43C2617706a4c45c8,0x0000000000000000000000000000000000000092,0,40000000,0,0,0x597c96b9ae10f67e2d9a2ec06c7cc1de30ecfa0725a2066d1e6d49874b0636ae56e81f171bcc55a6ff8345e692c0f86e5b48e01b996cadc001622fb5e363b421,,success,0,1701474638
0xb0eecb2d1e0a0afd8cf615d1fc457dc2a3a9c3e52d237d1752a2386957020316,3260786,0x6490e1fcb6e6643b0098f3a36dabd7970eb78b05f8c94a394041365eb66bdaf9,47334060,0,0xfFC679Dcdf444D2eEb0491A998E7902B411CcF20,0x0000000000000000000000000000000000000092,0,40000000,0,0,0x597c96b9ae10f67e2d9a2ec06c7cc1de30ecfa0725a2066d1e6d49874b0636ae56e81f171bcc55a6ff8345e692c0f86e5b48e01b996cadc001622fb5e363b421,,success,0,1701474636
0x76d35acc317ef7b8027a367bc41e3e6f680d9e969e780de9d1280ae743a4908c,3260785,0xa5e81a959006c23b4ed56cf00dc2dc305dbef5b92b13b9d8f262af29f58228a1,47334059,0,0x8A97753311aeAFACfd76a68Cf2e2a9808d3e65E8,0x0000000000000000000000000000000000000092,0,40000000,0,0,0x597c96b9ae10f67e2d9a2ec06c7cc1de30ecfa0725a2066d1e6d49874b0636ae56e81f171bcc55a6ff8345e692c0f86e5b48e01b996cadc001622fb5e363b421,,success,0,1701474634
0x96d427c58c40f145a65590d94b97006585b59b42d17299a402bf14b5b1ad9170,3260874,0xbe0e3f37289b9e1d64baa83f620fbee3acb9b66f4bd226846807fe8b51db509e,47334046,0,0xd76fd76F7101811726DCE9E43C2617706a4c45c8,0x0000000000000000000000000000000000000092,0,40000000,0,0,0x597c96b9ae10f67e2d9a2ec06c7cc1de30ecfa0725a2066d1e6d49874b0636ae56e81f171bcc55a6ff8345e692c0f86e5b48e01b996cadc001622fb5e363b421,,success,0,1701474608
0x6e14c741710bb4d270324ccf2953bb1e9c1af4c694e67d2e7871bf9e5a5d3a97,3260785,0x6a4cbd44c7356f4d1d4234a827bba9b595909c4687eacf8569a0fd79cc2d7eda,47334045,0,0xfFC679Dcdf444D2eEb0491A998E7902B411CcF20,0x0000000000000000000000000000000000000092,0,40000000,0,0,0x597c96b9ae10f67e2d9a2ec06c7cc1de30ecfa0725a2066d1e6d49874b0636ae56e81f171bcc55a6ff8345e692c0f86e5b48e01b996cadc001622fb5e363b421,,success,0,1701474606
0xde0d3e6dd2535a4a98204a0f7006059d4338ff2b71123ca109e0df6d75482b34,3260784,0xdad6b8b6467e281defd479bff42b56cb82f359d5b5ddb40faef6906356b08118,47334044,0,0x8A97753311aeAFACfd76a68Cf2e2a9808d3e65E8,0x0000000000000000000000000000000000000092,0,40000000,0,0,0x597c96b9ae10f67e2d9a2ec06c7cc1de30ecfa0725a2066d1e6d49874b0636ae56e81f171bcc55a6ff8345e692c0f86e5b48e01b996cadc001622fb5e363b421,,success,0,1701474604
0xfc12e532f49ec52977cc52dbdb196249f795c32c928d46ff7019c93614492fdc,3260873,0x9b03945ae8defc69d6c2d424559ecbe63087ca36f5e522353100b3d9d4df80d0,47334031,0,0xd76fd76F7101811726DCE9E43C2617706a4c45c8,0x0000000000000000000000000000000000000092,0,40000000,0,0,0x597c96b9ae10f67e2d9a2ec06c7cc1de30ecfa0725a2066d1e6d49874b0636ae56e81f171bcc55a6ff8345e692c0f86e5b48e01b996cadc001622fb5e363b421,,success,0,1701474578
0xea9eff0403842c3917933bfb5c9daf051b043dff16de31bfeb7860fd1679ff51,3260784,0xe2a16733989fa73ecdf207ab323121e700331c2fc973a3336396ffb77b0e5f00,47334030,0,0xfFC679Dcdf444D2eEb0491A998E7902B411CcF20,0x0000000000000000000000000000000000000092,0,40000000,0,0,0x597c96b9ae10f67e2d9a2ec06c7cc1de30ecfa0725a2066d1e6d49874b0636ae56e81f171bcc55a6ff8345e692c0f86e5b48e01b996cadc001622fb5e363b421,,success,0,1701474576
0xd0e166fe537644b54a1e4a2ec9aec508096d29105ce3175bcb6d23de4f01cdff,3260783,0x445d8c61bddca74a86f09dbc24113ac7ea6ab26eb268d6f3c3bba2e4649035b5,47334029,0,0x8A97753311aeAFACfd76a68Cf2e2a9808d3e65E8,0x0000000000000000000000000000000000000092,0,40000000,0,0,0x597c96b9ae10f67e2d9a2ec06c7cc1de30ecfa0725a2066d1e6d49874b0636ae56e81f171bcc55a6ff8345e692c0f86e5b48e01b996cadc001622fb5e363b421,,success,0,1701474574
0x2514cc1c6e981befd7cf42de809bb91946f44b70b9133720b5346874f2d1eb2e,3260872,0xedb9b20fa38155279d0a9a7540379509405c2c18399ddbef2b8c20f86e5fbef8,47334016,0,0xd76fd76F7101811726DCE9E43C2617706a4c45c8,0x0000000000000000000000000000000000000092,0,40000000,0,0,0x597c96b9ae10f67e2d9a2ec06c7cc1de30ecfa0725a2066d1e6d49874b0636ae56e81f171bcc55a6ff8345e692c0f86e5b48e01b996cadc001622fb5e363b421,,success,0,1701474548
0xa7bb5f1f9f65a85ed99bb0a4b40fcbd679dcaa0554c9f9fbd3b2760c2d8a1fe3,3260783,0xd28495c3824ec40abe7b942638217b3656c388194ab80c63893f37364f702b21,47334015,0,0xfFC679Dcdf444D2eEb0491A998E7902B411CcF20,0x0000000000000000000000000000000000000092,0,40000000,0,0,0x597c96b9ae10f67e2d9a2ec06c7cc1de30ecfa0725a2066d1e6d49874b0636ae56e81f171bcc55a6ff8345e692c0f86e5b48e01b996cadc001622fb5e363b421,,success,0,1701474546
0x77bf64cb876dcfbaa844aaafba894bdaa6b505fbf990f1a4d1620676f05621f9,3260782,0xc41cabd256e9f4648a23f63c79a511b59c2e6724911e40c03eea274b2689e679,47334014,0,0x8A97753311aeAFACfd76a68Cf2e2a9808d3e65E8,0x0000000000000000000000000000000000000092,0,40000000,0,0,0x597c96b9ae10f67e2d9a2ec06c7cc1de30ecfa0725a2066d1e6d49874b0636ae56e81f171bcc55a6ff8345e692c0f86e5b48e01b996cadc001622fb5e363b421,,success,0,1701474544
0xdd442cdc16671a8a8823a224ec23258c7b2319dd6786960c9bfea7fc8f9afd50,3260871,0xa440d7402227dce7b2a8e54713fefbd8ff2bcb7d21f908f94214af99b2573a43,47334001,0,0xd76fd76F7101811726DCE9E43C2617706a4c45c8,0x0000000000000000000000000000000000000092,0,40000000,0,0,0x597c96b9ae10f67e2d9a2ec06c7cc1de30ecfa0725a2066d1e6d49874b0636ae56e81f171bcc55a6ff8345e692c0f86e5b48e01b996cadc001622fb5e363b421,,success,0,1701474518
0x3e0684546ea47048e2027d37360fddee6d06d369d0b5ebcb319bc6400c53b425,3260782,0x22765bd63d23bf5a411fb9f41e69cfb1f6246e3630e85826b1859f92a31c8ebd,47334000,0,0xfFC679Dcdf444D2eEb0491A998E7902B411CcF20,0x0000000000000000000000000000000000000092,0,40000000,0,0,0x597c96b9ae10f67e2d9a2ec06c7cc1de30ecfa0725a2066d1e6d49874b0636ae56e81f171bcc55a6ff8345e692c0f86e5b48e01b996cadc001622fb5e363b421,,success,0,1701474516
0x5541ab6561ebe508f9203fcbd21e8066bb0f2dfa71d42723a9a7f40c7ebddcdc,3260781,0xc7573907ebe4c442758626385a6c3635a33705b65d7bb665552ebdeb5db1e485,47333999,0,0x8A97753311aeAFACfd76a68Cf2e2a9808d3e65E8,0x0000000000000000000000000000000000000092,0,40000000,0,0,0x597c96b9ae10f67e2d9a2ec06c7cc1de30ecfa0725a2066d1e6d49874b0636ae56e81f171bcc55a6ff8345e692c0f86e5b48e01b996cadc001622fb5e363b421,,success,0,1701474514
0x7c83335cd5b163a5d54a66fe8786562fe0af695989d46f83127a64c2a564cd71,3260870,0x161210327a0863d71093150687ebe7421daa70f6202975a0028d61779e0bc95b,47333986,0,0xd76fd76F7101811726DCE9E43C2617706a4c45c8,0x0000000000000000000000000000000000000092,0,40000000,0,0,0x597c96b9ae10f67e2d9a2ec06c7cc1de30ecfa0725a2066d1e6d49874b0636ae56e81f171bcc55a6ff8345e692c0f86e5b48e01b996cadc001622fb5e363b421,,success,0,1701474488
0x62b7fe1616490b7c39be01e3e90512c4b868eb835c3c95212d67d68044e2ae24,3260781,0x49686a2c55ac95d077e3c8f024528405e457d6ec33c8a9de3db3af9d8296e088,47333985,0,0xfFC679Dcdf444D2eEb0491A998E7902B411CcF20,0x0000000000000000000000000000000000000092,0,40000000,0,0,0x597c96b9ae10f67e2d9a2ec06c7cc1de30ecfa0725a2066d1e6d49874b0636ae56e81f171bcc55a6ff8345e692c0f86e5b48e01b996cadc001622fb5e363b421,,success,0,1701474486
0x1c590d5163ac241ebb7bfcdee0dc88285b6fd465ea1a3aea378aa8800bd0e37a,3260780,0x631efb744e413bbe2ee1bc3cf1e8c95f051c0414b76e32c1f5d00026b9e9a00a,47333984,0,0x8A97753311aeAFACfd76a68Cf2e2a9808d3e65E8,0x0000000000000000000000000000000000000092,0,40000000,0,0,0x597c96b9ae10f67e2d9a2ec06c7cc1de30ecfa0725a2066d1e6d49874b0636ae56e81f171bcc55a6ff8345e692c0f86e5b48e01b996cadc001622fb5e363b421,,success,0,1701474484
0x9f733464af0102147c37e7ca3a51e1e114938c73ebfe068c731dd6bdd149de90,3260869,0x48cb250e86f25d6a33067afeba14edf6918292028421995b6e2f9ec8031395bd,47333971,0,0xd76fd76F7101811726DCE9E43C2617706a4c45c8,0x0000000000000000000000000000000000000092,0,40000000,0,0,0x597c96b9ae10f67e2d9a2ec06c7cc1de30ecfa0725a2066d1e6d49874b0636ae56e81f171bcc55a6ff8345e692c0f86e5b48e01b996cadc001622fb5e363b421,,success,0,1701474458
0x63aca58cf633c281a49bc99d47262724db831d6dd56bc0a712b3ab393fb7111e,3260780,0x084313aa7d158253e986268feb9dec9b3b7e167102604c3417e9d0d94a7a633c,47333970,0,0xfFC679Dcdf444D2eEb0491A998E7902B411CcF20,0x0000000000000000000000000000000000000092,0,40000000,0,0,0x597c96b9ae10f67e2d9a2ec06c7cc1de30ecfa0725a2066d1e6d49874b0636ae56e81f171bcc55a6ff8345e692c0f86e5b48e01b996cadc001622fb5e363b421,,success,0,1701474456
0xd478d40e4799e038fe493cbd886a9eb5882f7290986cf35cc9f80e158b43b374,3260779,0xb384b3591261abcc913e7f76e8d53cf0dbbe0380a3f1a604e0d4c1aba7b1e062,47333969,0,0x8A97753311aeAFACfd76a68Cf2e2a9808d3e65E8,0x0000000000000000000000000000000000000092,0,40000000,0,0,0x597c96b9ae10f67e2d9a2ec06c7cc1de30ecfa0725a2066d1e6d49874b0636ae56e81f171bcc55a6ff8345e692c0f86e5b48e01b996cadc001622fb5e363b421,,success,0,1701474454
0x52f019e7c252cd85c4b9a34c71c0cd6a9f2184156c33a60db23b5bfb97047991,3260868,0xa07008ff504d2bcac9aedb39065116e009da4475875c79f6ce5414d805a2fd7d,47333956,0,0xd76fd76F7101811726DCE9E43C2617706a4c45c8,0x0000000000000000000000000000000000000092,0,40000000,0,0,0x597c96b9ae10f67e2d9a2ec06c7cc1de30ecfa0725a2066d1e6d49874b0636ae56e81f171bcc55a6ff8345e692c0f86e5b48e01b996cadc001622fb5e363b421,,success,0,1701474428
0x5ec680138e2874b288088a3ed0af7524eabd55823def8e2e24504a443d4c3a0f,3260779,0xf68e231808d87c119b351c0a6f62e4274f9339175d696257717940fc400ec768,47333955,0,0xfFC679Dcdf444D2eEb0491A998E7902B411CcF20,0x0000000000000000000000000000000000000092,0,40000000,0,0,0x597c96b9ae10f67e2d9a2ec06c7cc1de30ecfa0725a2066d1e6d49874b0636ae56e81f171bcc55a6ff8345e692c0f86e5b48e01b996cadc001622fb5e363b421,,success,0,1701474426
0xf43211c8bd403eca6e31a967fe25e966ff422ea3a8973702e39df77d1a546c2c,3260778,0x5cb36ce7797401616d197e7b02eb8e3f5fe916ea611f7b63c96150a0729a141d,47333954,0,0x8A97753311aeAFACfd76a68Cf2e2a9808d3e65E8,0x0000000000000000000000000000000000000092,0,40000000,0,0,0x597c96b9ae10f67e2d9a2ec06c7cc1de30ecfa0725a2066d1e6d49874b0636ae56e81f171bcc55a6ff8345e692c0f86e5b48e01b996cadc001622fb5e363b421,,success,0,1701474424
0x3971f6877eb8d2c65d359ea91717b4c1a3698a8b46699593c4ed6f76f533886a,3260867,0x0c0a078a17a8ea70218a0d206043cc1fceed6fc78229fa6c137175f9f3fac304,47333941,0,0xd76fd76F7101811726DCE9E43C2617706a4c45c8,0x0000000000000000000000000000000000000092,0,40000000,0,0,0x597c96b9ae10f67e2d9a2ec06c7cc1de30ecfa0725a2066d1e6d49874b0636ae56e81f171bcc55a6ff8345e692c0f86e5b48e01b996cadc001622fb5e363b421,,success,0,1701474398
0x8b156366bd40a405def86850cacda161211577ee3fef9edc07fb44f63247989d,3260778,0xaa517291784d532a44b8e212a995cc68d1fd8d2910fe30c7719275162f4df09d,47333940,0,0xfFC679Dcdf444D2eEb0491A998E7902B411CcF20,0x0000000000000000000000000000000000000092,0,40000000,0,0,0x597c96b9ae10f67e2d9a2ec06c7cc1de30ecfa0725a2066d1e6d49874b0636ae56e81f171bcc55a6ff8345e692c0f86e5b48e01b996cadc001622fb5e363b421,,success,0,1701474396
0x286370841298a9c17ffca773959db4dc06d3b4111b40fc85b5b38c6392ead8c8,3260777,0x9bab72a6ebc102ce46fc397dff9b69eaab050fcd93df746631e9476f0b625906,47333939,0,0x8A97753311aeAFACfd76a68Cf2e2a9808d3e65E8,0x0000000000000000000000000000000000000092,0,40000000,0,0,0x597c96b9ae10f67e2d9a2ec06c7cc1de30ecfa0725a2066d1e6d49874b0636ae56e81f171bcc55a6ff8345e692c0f86e5b48e01b996cadc001622fb5e363b421,,success,0,1701474394
0x9fe5b4ab09d644975594de06c9f2bc8474915e0757753de0b4a28008d111b6ef,3260866,0xfa009c0d24037debec0752efda6e5abc7ef85e51b683b0b0ce5f6546ce0110c5,47333926,0,0xd76fd76F7101811726DCE9E43C2617706a4c45c8,0x0000000000000000000000000000000000000092,0,40000000,0,0,0x597c96b9ae10f67e2d9a2ec06c7cc1de30ecfa0725a2066d1e6d49874b0636ae56e81f171bcc55a6ff8345e692c0f86e5b48e01b996cadc001622fb5e363b421,,success,0,1701474368
0x5af6d512d6cf29eb73e12be357f5e3279d9b1a49609b17db490a0efbc2156a7d,3260777,0x7cbaf6737f442de8a414c5c3f5f55ca1102b3604877bea0af4d8a744d2418b45,47333925,0,0xfFC679Dcdf444D2eEb0491A998E7902B411CcF20,0x0000000000000000000000000000000000000092,0,40000000,0,0,0x597c96b9ae10f67e2d9a2ec06c7cc1de30ecfa0725a2066d1e6d49874b0636ae56e81f171bcc55a6ff8345e692c0f86e5b48e01b996cadc001622fb5e363b421,,success,0,1701474366
0xc7eaf9a4084ca0abe02497eb59edc7e22720034cf3445f3b7ce53480f43fcea7,3260776,0x3f8974fc7e7f925828f5c100e996e41e20ac3d7b12e4df65a9430f136278d04b,47333924,0,0x8A97753311aeAFACfd76a68Cf2e2a9808d3e65E8,0x0000000000000000000000000000000000000092,0,40000000,0,0,0x597c96b9ae10f67e2d9a2ec06c7cc1de30ecfa0725a2066d1e6d49874b0636ae56e81f171bcc55a6ff8345e692c0f86e5b48e01b996cadc001622fb5e363b421,,success,0,1701474364
0xb233626011393bb9caca9a6b8ce6f5e49ac20273485a405ba216083dfc9f26ef,3260865,0x9f04c0ab966ac43d9d82408c0c141f9d28c2eb3d62de40ac94abd36cf5b4528c,47333911,0,0xd76fd76F7101811726DCE9E43C2617706a4c45c8,0x0000000000000000000000000000000000000092,0,40000000,0,0,0x597c96b9ae10f67e2d9a2ec06c7cc1de30ecfa0725a2066d1e6d49874b0636ae56e81f171bcc55a6ff8345e692c0f86e5b48e01b996cadc001622fb5e363b421,,success,0,1701474338
0xe8343cf9f536c548a317a7b26c6e08aeb654ac585a01a4440da1bb515d9f6dab,3260776,0x8a7ed5957a8bdab7bfa2230da496fef967a6794e75b65a1f5d4a4b6a3c1b9cd8,47333910,0,0xfFC679Dcdf444D2eEb0491A998E7902B411CcF20,0x0000000000000000000000000000000000000092,0,40000000,0,0,0x597c96b9ae10f67e2d9a2ec06c7cc1de30ecfa0725a2066d1e6d49874b0636ae56e81f171bcc55a6ff8345e692c0f86e5b48e01b996cadc001622fb5e363b421,,success,0,1701474336
0xc0a90eaee3cf49b2e738a6f64c1cb3f8f08a3dc0718422c84f4e936e8e879933,3260775,0x24cf8e681c0d27c913261b0853ca20c6029ef0b3a1562391c357ec147f3273f7,47333909,0,0x8A97753311aeAFACfd76a68Cf2e2a9808d3e65E8,0x0000000000000000000000000000000000000092,0,40000000,0,0,0x597c96b9ae10f67e2d9a2ec06c7cc1de30ecfa0725a2066d1e6d49874b0636ae56e81f171bcc55a6ff8345e692c0f86e5b48e01b996cadc001622fb5e363b421,,success,0,1701474334
0x5fd403d0a287695dd36c8c6e6a04da07df80e8eab5380d1d7a944175d1103e29,3260864,0xb4e9cbc7184d86d2f6e2f44fec5681f536eb71339fb9b83622b86ccbbdf58fea,47333896,0,0xd76fd76F7101811726DCE9E43C2617706a4c45c8,0x0000000000000000000000000000000000000092,0,40000000,0,0,0x597c96b9ae10f67e2d9a2ec06c7cc1de30ecfa0725a2066d1e6d49874b0636ae56e81f171bcc55a6ff8345e692c0f86e5b48e01b996cadc001622fb5e363b421,,success,0,1701474308
0x5615c3901d61692f9bd9748f1b6c024b34a89933bd27e437b10584fd841b6a30,3260775,0x78e2b99dd94372bae4a39cb8ce58eb69960e404a6fc6454a4799d629b5c57b00,47333895,0,0xfFC679Dcdf444D2eEb0491A998E7902B411CcF20,0x0000000000000000000000000000000000000092,0,40000000,0,0,0x597c96b9ae10f67e2d9a2ec06c7cc1de30ecfa0725a2066d1e6d49874b0636ae56e81f171bcc55a6ff8345e692c0f86e5b48e01b996cadc001622fb5e363b421,,success,0,1701474306
0xd8d427cdb668a867077247fc1418b780bc31597de7f58cae6703d64be2ca0029,3260774,0x876f1aeb08dedef4432f8e8dbea1b1ba7ba076a8b180c16fbde0c5b39d1671da,47333894,0,0x8A97753311aeAFACfd76a68Cf2e2a9808d3e65E8,0x0000000000000000000000000000000000000092,0,40000000,0,0,0x597c96b9ae10f67e2d9a2ec06c7cc1de30ecfa0725a2066d1e6d49874b0636ae56e81f171bcc55a6ff8345e692c0f86e5b48e01b996cadc001622fb5e363b421,,success,0,1701474304
0x7d1c0c15f5719ffef1aef6fc534d1fb65e8c9773f8b431136b2e938854499748,3260863,0xbeaeca3d3b0fe19c39074ea5024e0ffae2e380d5ba0eca9f4156040fd501151b,47333881,0,0xd76fd76F7101811726DCE9E43C2617706a4c45c8,0x0000000000000000000000000000000000000092,0,40000000,0,0,0x597c96b9ae10f67e2d9a2ec06c7cc1de30ecfa0725a2066d1e6d49874b0636ae56e81f171bcc55a6ff8345e692c0f86e5b48e01b996cadc001622fb5e363b421,,success,0,1701474278
0x5cb6e9e64f0eeaebf100f9ebbcacd22eef4375c5682afd0a23e890f6f9ac1c86,3260774,0x629324c0b673aa7981b90dbc8a2a5f258babae4bbadc7b79c579e86d1dc428c8,47333880,0,0xfFC679Dcdf444D2eEb0491A998E7902B411CcF20,0x0000000000000000000000000000000000000092,0,40000000,0,0,0x597c96b9ae10f67e2d9a2ec06c7cc1de30ecfa0725a2066d1e6d49874b0636ae56e81f171bcc55a6ff8345e692c0f86e5b48e01b996cadc001622fb5e363b421,,success,0,1701474276
0x8fdc499a38405562fe3bbbbc8237f17d8747299b85a09006a832437e6fc80334,3260773,0x9ee78dd2ea737b56a3ccd0d1b3bdbfcbc77e67dba598dc43c9e6e2eedaddc24c,47333879,0,0x8A97753311aeAFACfd76a68Cf2e2a9808d3e65E8,0x0000000000000000000000000000000000000092,0,40000000,0,0,0x597c96b9ae10f67e2d9a2ec06c7cc1de30ecfa0725a2066d1e6d49874b0636ae56e81f171bcc55a6ff8345e692c0f86e5b48e01b996cadc001622fb5e363b421,,success,0,1701474274
0xeeaf73ce9bfb039f1d00a288cca9ea892c364493ebbc43d77a3953cad0d42748,3260862,0xd58fa1f3b8285ca2bdb61451e84dcce3c94ba041cffb64ccfe77634b23d15f3f,47333866,0,0xd76fd76F7101811726DCE9E43C2617706a4c45c8,0x0000000000000000000000000000000000000092,0,40000000,0,0,0x597c96b9ae10f67e2d9a2ec06c7cc1de30ecfa0725a2066d1e6d49874b0636ae56e81f171bcc55a6ff8345e692c0f86e5b48e01b996cadc001622fb5e363b421,,success,0,1701474248
0xda269278c5f7645f3c7b3fce7801d65d833ba2bc4206cd3c926865111e36b408,3260773,0x4c3940c23926d7c0799f8bb3994eebca4b49d8db27bec367b17cf5753a1209ef,47333865,0,0xfFC679Dcdf444D2eEb0491A998E7902B411CcF20,0x0000000000000000000000000000000000000092,0,40000000,0,0,0x597c96b9ae10f67e2d9a2ec06c7cc1de30ecfa0725a2066d1e6d49874b0636ae56e81f171bcc55a6ff8345e692c0f86e5b48e01b996cadc001622fb5e363b421,,success,0,1701474246
0xac43f86330b4acafcad47b26ff90381105a7745d45f2ad1f49f3ab62d178b7b2,3260772,0x4ae19ce83da8c0e98377fd465460697e91ca3561da28bdcca92e3fea6e29f1ff,47333864,0,0x8A97753311aeAFACfd76a68Cf2e2a9808d3e65E8,0x0000000000000000000000000000000000000092,0,40000000,0,0,0x597c96b9ae10f67e2d9a2ec06c7cc1de30ecfa0725a2066d1e6d49874b0636ae56e81f171bcc55a6ff8345e692c0f86e5b48e01b996cadc001622fb5e363b421,,success,0,1701474244
0x9e8c6e33de93499d447e4ce37900c4ba6d23f8fb31891cfe302ca43d60994af7,3260861,0xdd3abc8dc77bf4fb054e4fa694b93650ba65a70d6f12ea4ca6d062c2bb4f7499,47333851,0,0xd76fd76F7101811726DCE9E43C2617706a4c45c8,0x0000000000000000000000000000000000000092,0,40000000,0,0,0x597c96b9ae10f67e2d9a2ec06c7cc1de30ecfa0725a2066d1e6d49874b0636ae56e81f171bcc55a6ff8345e692c0f86e5b48e01b996cadc001622fb5e363b421,,success,0,1701474218
0xe5e73684b66ed4a78faaa2764b856635b81bcceec8f346e825dece58c232b3b9,3260772,0xe47c40f33997e1ac52b21ed956ff148f842e58b47ecea35cfa4316d0d2b4fcf2,47333850,0,0xfFC679Dcdf444D2eEb0491A998E7902B411CcF20,0x0000000000000000000000000000000000000092,0,40000000,0,0,0x597c96b9ae10f67e2d9a2ec06c7cc1de30ecfa0725a2066d1e6d49874b0636ae56e81f171bcc55a6ff8345e692c0f86e5b48e01b996cadc001622fb5e363b421,,success,0,1701474216
0xa115d43de175efd7964af4fb39ee8bed9c952d915eadd5ca3ba0a3797d92f4a6,3260771,0xb6a9f7ddb9ea8f0d73fdce7de339ee8055a1f64d29b30d665c0f5ff44ea0b639,47333849,0,0x8A97753311aeAFACfd76a68Cf2e2a9808d3e65E8,0x0000000000000000000000000000000000000092,0,40000000,0,0,0x597c96b9ae10f67e2d9a2ec06c7cc1de30ecfa0725a2066d1e6d49874b0636ae56e81f171bcc55a6ff8345e692c0f86e5b48e01b996cadc001622fb5e363b421,,success,0,1701474214
0x6cf2176a78fec040dbcce42ec853686b6fadc3590c7dd68eb1bea38280e32f45,3260860,0x342282442155687f17c26856c8c68e8d59b2ad9622770040751450640338e666,47333836,0,0xd76fd76F7101811726DCE9E43C2617706a4c45c8,0x0000000000000000000000000000000000000092,0,40000000,0,0,0x597c96b9ae10f67e2d9a2ec06c7cc1de30ecfa0725a2066d1e6d49874b0636ae56e81f171bcc55a6ff8345e692c0f86e5b48e01b996cadc001622fb5e363b421,,success,0,1701474188
0x906210313c0bc15d6613bf0a59920cd61bb5c2f81b2ead032c24a7c6d76b9e70,3260771,0xb2ef01a46e81f443d7854026bf31b47ab558cd20c6f593c0b33b8b9148e591c5,47333835,0,0xfFC679Dcdf444D2eEb0491A998E7902B411CcF20,0x0000000000000000000000000000000000000092,0,40000000,0,0,0x597c96b9ae10f67e2d9a2ec06c7cc1de30ecfa0725a2066d1e6d49874b0636ae56e81f171bcc55a6ff8345e692c0f86e5b48e01b996cadc001622fb5e363b421,,success,0,1701474186
0x575ad28d3970818cdcdba9a629438e2c33459503eb6537b364793c9b7a809210,3260770,0x20ed73ef06e27d508a10ce39076eb0dcdcc7d691cb2252696bd0d63b6a5f8c95,47333834,0,0x8A97753311aeAFACfd76a68Cf2e2a9808d3e65E8,0x0000000000000000000000000000000000000092,0,40000000,0,0,0x597c96b9ae10f67e2d9a2ec06c7cc1de30ecfa0725a2066d1e6d49874b0636ae56e81f171bcc55a6ff8345e692c0f86e5b48e01b996cadc001622fb5e363b421,,success,0,1701474184
0xaa66fbbf9fe3e148c2a94f1f9085d4b4c02ba62cfa0bce736b6ef08c3ec56003,3260859,0x30e325d22a3259d8f4374a45be8dad49527758a27a27d741f7d49e9f79d7923f,47333821,0,0xd76fd76F7101811726DCE9E43C2617706a4c45c8,0x0000000000000000000000000000000000000092,0,40000000,0,0,0x597c96b9ae10f67e2d9a2ec06c7cc1de30ecfa0725a2066d1e6d49874b0636ae56e81f171bcc55a6ff8345e692c0f86e5b48e01b996cadc001622fb5e363b421,,success,0,1701474158
0x21e20ddacf621421e229adc00b81ae53bb360de3e5e1026b513eeda14af099ca,3260770,0x41cbb7be76dc5844753189e3c8e22fa771f56eb7c6131e4de70396a05a212e62,47333820,0,0xfFC679Dcdf444D2eEb0491A998E7902B411CcF20,0x0000000000000000000000000000000000000092,0,40000000,0,0,0x597c96b9ae10f67e2d9a2ec06c7cc1de30ecfa0725a2066d1e6d49874b0636ae56e81f171bcc55a6ff8345e692c0f86e5b48e01b996cadc001622fb5e363b421,,success,0,1701474156
0x0c42e713da30522e4bc8ea4ddabb9a5f1a968b00884d2539ee7d41f43693eea1,3260769,0xc0998a8b74776a13009491c19f3f09347578329f61066dbd9a0e78a7d9818d71,47333819,0,0x8A97753311aeAFACfd76a68Cf2e2a9808d3e65E8,0x0000000000000000000000000000000000000092,0,40000000,0,0,0x597c96b9ae10f67e2d9a2ec06c7cc1de30ecfa0725a2066d1e6d49874b0636ae56e81f171bcc55a6ff8345e692c0f86e5b48e01b996cadc001622fb5e363b421,,success,0,1701474154
0xb84bc45b3bd65a7f8f3c7a28ccc6326ac6cc84da0db0ee61fc1e08031df93ebd,3260858,0xe3cfa8c9127e833d0802001eb0bf69c0e3255187c2139fb53c528fda1e4450a7,47333806,0,0xd76fd76F7101811726DCE9E43C2617706a4c45c8,0x0000000000000000000000000000000000000092,0,40000000,0,0,0x597c96b9ae10f67e2d9a2ec06c7cc1de30ecfa0725a2066d1e6d49874b0636ae56e81f171bcc55a6ff8345e692c0f86e5b48e01b996cadc001622fb5e363b421,,success,0,1701474128
0xf0a78cc20aadaac30f9a6ec8c7d9363f64c7244d385447beb6ad6abc8424d3e3,3260769,0x14aa83bfb5fc5e82f0bf3c3869a48c8fb6ef5ee383a4c62dbe5e59470dbd0b15,47333805,0,0xfFC679Dcdf444D2eEb0491A998E7902B411CcF20,0x0000000000000000000000000000000000000092,0,40000000,0,0,0x597c96b9ae10f67e2d9a2ec06c7cc1de30ecfa0725a2066d1e6d49874b0636ae56e81f171bcc55a6ff8345e692c0f86e5b48e01b996cadc001622fb5e363b421,,success,0,1701474126
0x0957f44a1563d904cd3ac8e4e78d365ae5d139e645ae39fc7cac0ec3e09347dd,3260768,0x9eb4940b7bde6a196e7e4ba90812096d9d2636301301c6cbf475236c0e44468b,47333804,0,0x8A97753311aeAFACfd76a68Cf2e2a9808d3e65E8,0x0000000000000000000000000000000000000092,0,40000000,0,0,0x597c96b9ae10f67e2d9a2ec06c7cc1de30ecfa0725a2066d1e6d49874b0636ae56e81f171bcc55a6ff8345e692c0f86e5b48e01b996cadc001622fb5e363b421,,success,0,1701474124
0x80203cf242dce4448ea983473e86ee1531a711766e550e6a2fa248a85880c228,3260857,0x4eb510148e313ebc3ea4945d382951dc202e12d8d4aaa2b9e6df381260f992cb,47333791,0,0xd76fd76F7101811726DCE9E43C2617706a4c45c8,0x0000000000000000000000000000000000000092,0,40000000,0,0,0x597c96b9ae10f67e2d9a2ec06c7cc1de30ecfa0725a2066d1e6d49874b0636ae56e81f171bcc55a6ff8345e692c0f86e5b48e01b996cadc001622fb5e363b421,,success,0,1701474098
0xb4a2533dde37e69cadc157a0b999cb1e53c490154d30adbeff045c03b403b94c,3260768,0x502fbd22b60f2fe6152cd294c7917c19719ca057df75f2dbb825b996c8a02135,47333790,0,0xfFC679Dcdf444D2eEb0491A998E7902B411CcF20,0x0000000000000000000000000000000000000092,0,40000000,0,0,0x597c96b9ae10f67e2d9a2ec06c7cc1de30ecfa0725a2066d1e6d49874b0636ae56e81f171bcc55a6ff8345e692c0f86e5b48e01b996cadc001622fb5e363b421,,success,0,1701474096
0x603d6335c3c52de84599177c8bd3cfdecf622326486a4407689d03a63f15b997,3260767,0x4e65cd0dbc4bc57a2c1b901c73efcbc991bdbc3130c38f6420d639048ed03297,47333789,0,0x8A97753311aeAFACfd76a68Cf2e2a9808d3e65E8,0x0000000000000000000000000000000000000092,0,40000000,0,0,0x597c96b9ae10f67e2d9a2ec06c7cc1de30ecfa0725a2066d1e6d49874b0636ae56e81f171bcc55a6ff8345e692c0f86e5b48e01b996cadc001622fb5e363b421,,success,0,1701474094
0x08b5bf71a17086c435a9e7960956abbc9e2f4d8b710e76d48dfd4d0a08babc65,3260856,0xa36a41acde563f47ee4eda6b07da7d9f90a7f00f31c87ac54e548afbf33eae5e,47333776,0,0xd76fd76F7101811726DCE9E43C2617706a4c45c8,0x0000000000000000000000000000000000000092,0,40000000,0,0,0x597c96b9ae10f67e2d9a2ec06c7cc1de30ecfa0725a2066d1e6d49874b0636ae56e81f171bcc55a6ff8345e692c0f86e5b48e01b996cadc001622fb5e363b421,,success,0,1701474068
0x9115f6474d0655fb538dfb07a76926b613b75969450c1061dcc2769ae7c0812f,3260767,0x7a28754b371f49c0ca2627f06e17b1cbd356d7fc13bf1d25836c2e8020fabe13,47333775,0,0xfFC679Dcdf444D2eEb0491A998E7902B411CcF20,0x0000000000000000000000000000000000000092,0,40000000,0,0,0x597c96b9ae10f67e2d9a2ec06c7cc1de30ecfa0725a2066d1e6d49874b0636ae56e81f171bcc55a6ff8345e692c0f86e5b48e01b996cadc001622fb5e363b421,,success,0,1701474066
0xa04e71162f2bf93da7bea5163c3424cc821e1cef7706f68a14cb79d2ea049a0c,3260766,0x163dd2742d2a86d0504f406dd064bf68d5ddc1c714336edc1ce861a79e7f37be,47333774,0,0x8A97753311aeAFACfd76a68Cf2e2a9808d3e65E8,0x0000000000000000000000000000000000000092,0,40000000,0,0,0x597c96b9ae10f67e2d9a2ec06c7cc1de30ecfa0725a2066d1e6d49874b0636ae56e81f171bcc55a6ff8345e692c0f86e5b48e01b996cadc001622fb5e363b421,,success,0,1701474064
0x8b1df44b75c89e3fcc1d2e8a774f69338e0dc3360a025f88eec25b41c366ded4,3260855,0x34f6b189a4d0cb2afaf16b0cb4bbdc07ddc8541c9e069b05c11d8dbb0bf0ec73,47333761,0,0xd76fd76F7101811726DCE9E43C2617706a4c45c8,0x0000000000000000000000000000000000000092,0,40000000,0,0,0x597c96b9ae10f67e2d9a2ec06c7cc1de30ecfa0725a2066d1e6d49874b0636ae56e81f171bcc55a6ff8345e692c0f86e5b48e01b996cadc001622fb5e363b421,,success,0,1701474038
0x24f5a923c6db2af0be18b0601e7182b8cb397525cd6dc9425e148cef1c9a9870,3260766,0x57105564308371350f263e1b24b2780742218f02a37ccc74daf5bfa7fb179e8b,47333760,0,0xfFC679Dcdf444D2eEb0491A998E7902B411CcF20,0x0000000000000000000000000000000000000092,0,40000000,0,0,0x597c96b9ae10f67e2d9a2ec06c7cc1de30ecfa0725a2066d1e6d49874b0636ae56e81f171bcc55a6ff8345e692c0f86e5b48e01b996cadc001622fb5e363b421,,success,0,1701474036
0xb033a0038213bbc3cd912edd949c57cc885db63e44987b25345a7fbf7d066a11,3260765,0x7bebb28add7e49bf9802ad125870acd0ac563e489946886c2dca52d35255e5a8,47333759,0,0x8A97753311aeAFACfd76a68Cf2e2a9808d3e65E8,0x0000000000000000000000000000000000000092,0,40000000,0,0,0x597c96b9ae10f67e2d9a2ec06c7cc1de30ecfa0725a2066d1e6d49874b0636ae56e81f171bcc55a6ff8345e692c0f86e5b48e01b996cadc001622fb5e363b421,,success,0,1701474034
0x76578ec44218906fa44b491fd332c487658ba19a034993eb62bf7c45ddbb3680,3260854,0x74dc4596fc97a4a6353376f7c58443b34472910ef676bd2dc6c7b5874aa417fc,47333746,0,0xd76fd76F7101811726DCE9E43C2617706a4c45c8,0x0000000000000000000000000000000000000092,0,40000000,0,0,0x597c96b9ae10f67e2d9a2ec06c7cc1de30ecfa0725a2066d1e6d49874b0636ae56e81f171bcc55a6ff8345e692c0f86e5b48e01b996cadc001622fb5e363b421,,success,0,1701474008
0xdc0df4f626faed1a23f761c30634209b62cd96c25b984d229cec6e31327ecd4b,3260765,0x3b40b4498a720545016f649f4052b17c48e38f49234ecdf9b2dc07e0b6592693,47333745,0,0xfFC679Dcdf444D2eEb0491A998E7902B411CcF20,0x0000000000000000000000000000000000000092,0,40000000,0,0,0x597c96b9ae10f67e2d9a2ec06c7cc1de30ecfa0725a2066d1e6d49874b0636ae56e81f171bcc55a6ff8345e692c0f86e5b48e01b996cadc001622fb5e363b421,,success,0,1701474006
0xbe8c1c38cf4a53967a7dca4892d423c88f61cffe14931a216fd610c39064c8b6,3260764,0xf6d92710af083cbda978772522c4657b81a8bb39818e714db4bf371755ad1c55,47333744,0,0x8A97753311aeAFACfd76a68Cf2e2a9808d3e65E8,0x0000000000000000000000000000000000000092,0,40000000,0,0,0x597c96b9ae10f67e2d9a2ec06c7cc1de30ecfa0725a2066d1e6d49874b0636ae56e81f171bcc55a6ff8345e692c0f86e5b48e01b996cadc001622fb5e363b421,,success,0,1701474004
0xac57907485b9cffb138e3a797c87742cc1c9dda51f16f3bdd1dc9068666abb42,3260853,0x408135dcffd8f262f723825c0d932c2dee624939674b68f8270882891303466a,47333731,0,0xd76fd76F7101811726DCE9E43C2617706a4c45c8,0x0000000000000000000000000000000000000092,0,40000000,0,0,0x597c96b9ae10f67e2d9a2ec06c7cc1de30ecfa0725a2066d1e6d49874b0636ae56e81f171bcc55a6ff8345e692c0f86e5b48e01b996cadc001622fb5e363b421,,success,0,1701473978
0xee23066b591c333e62bbc45727e249560b5b692f5aa17017d969f566875b7a88,3260764,0xa9ee56349af8c8b150a99549d2a4904650a473c2387000e49f4c6f4691850725,47333730,0,0xfFC679Dcdf444D2eEb0491A998E7902B411CcF20,0x0000000000000000000000000000000000000092,0,40000000,0,0,0x597c96b9ae10f67e2d9a2ec06c7cc1de30ecfa0725a2066d1e6d49874b0636ae56e81f171bcc55a6ff8345e692c0f86e5b48e01b996cadc001622fb5e363b421,,success,0,1701473976
0xa50d243fce139923dcf8b3f398f556d2e56a5c72c608067005b183f080cde57f,3260763,0x661185bed2f8b1a1695d04d6a300cfb3334f610e14e123ad689ad741d4b5f3ed,47333729,0,0x8A97753311aeAFACfd76a68Cf2e2a9808d3e65E8,0x0000000000000000000000000000000000000092,0,40000000,0,0,0x597c96b9ae10f67e2d9a2ec06c7cc1de30ecfa0725a2066d1e6d49874b0636ae56e81f171bcc55a6ff8345e692c0f86e5b48e01b996cadc001622fb5e363b421,,success,0,1701473974
0x253d5f1df42e327d9a242dfb4c8887ed4997bae728a296797c31d257d8d5f3ea,3260852,0x0384a7c5feeb0dd9b724acf0b91eaece16d7c80194154e892fa280f760a95b98,47333716,0,0xd76fd76F7101811726DCE9E43C2617706a4c45c8,0x0000000000000000000000000000000000000092,0,40000000,0,0,0x597c96b9ae10f67e2d9a2ec06c7cc1de30ecfa0725a2066d1e6d49874b0636ae56e81f171bcc55a6ff8345e692c0f86e5b48e01b996cadc001622fb5e363b421,,success,0,1701473948
0x12e8e948d1cb26a28f8257dd7d6d05b4c0a696f6656fc2916802796c75563109,3260763,0x272b26b39a5021169fb5d617948bb60f9a1415bc9be1e81fdc0a8ba6812456a1,47333715,0,0xfFC679Dcdf444D2eEb0491A998E7902B411CcF20,0x0000000000000000000000000000000000000092,0,40000000,0,0,0x597c96b9ae10f67e2d9a2ec06c7cc1de30ecfa0725a2066d1e6d49874b0636ae56e81f171bcc55a6ff8345e692c0f86e5b48e01b996cadc001622fb5e363b421,,success,0,1701473946
0x35a854089aad27e9ba2114912172a9da2b71b027c1138c9b9058856bd3ae151b,3260762,0x0c0413a1e7b3d95801e980f6c034d8163a34167e4e326c68cf3e6ce7b1dd301b,47333714,0,0x8A97753311aeAFACfd76a68Cf2e2a9808d3e65E8,0x0000000000000000000000000000000000000092,0,40000000,0,0,0x597c96b9ae10f67e2d9a2ec06c7cc1de30ecfa0725a2066d1e6d49874b0636ae56e81f171bcc55a6ff8345e692c0f86e5b48e01b996cadc001622fb5e363b421,,success,0,1701473944
0xc456fb114d38c22f81519f30596daa6be4e93cbb7726b27b3a48e03fbcde83d8,3260851,0x43369ee4db9d6c6076a76af43c96ece5b4d58b7b97b7a2aa8fb58180a7fcf609,47333701,0,0xd76fd76F7101811726DCE9E43C2617706a4c45c8,0x0000000000000000000000000000000000000092,0,40000000,0,0,0x597c96b9ae10f67e2d9a2ec06c7cc1de30ecfa0725a2066d1e6d49874b0636ae56e81f171bcc55a6ff8345e692c0f86e5b48e01b996cadc001622fb5e363b421,,success,0,1701473918
0xd37ccd3ee62bd05fa2961e622d1fc1a641231bd79b87c8e405459c13ac7b9017,3260762,0xdebbebae6811a419568720796759c92ec36c1a1102304ee75f821562abce5711,47333700,0,0xfFC679Dcdf444D2eEb0491A998E7902B411CcF20,0x0000000000000000000000000000000000000092,0,40000000,0,0,0x597c96b9ae10f67e2d9a2ec06c7cc1de30ecfa0725a2066d1e6d49874b0636ae56e81f171bcc55a6ff8345e692c0f86e5b48e01b996cadc001622fb5e363b421,,success,0,1701473916
0x3a7e9529d5e05cf3e4686eb4a9e09f5b3297e92cf6ad4ed30962fc4ac84bf5fb,3260761,0xc56073e9d673b308133cca87cff339689f6c286efb8bade4ff0316694a737dc5,47333699,0,0x8A97753311aeAFACfd76a68Cf2e2a9808d3e65E8,0x0000000000000000000000000000000000000092,0,40000000,0,0,0x597c96b9ae10f67e2d9a2ec06c7cc1de30ecfa0725a2066d1e6d49874b0636ae56e81f171bcc55a6ff8345e692c0f86e5b48e01b996cadc001622fb5e363b421,,success,0,1701473914
0x4f24b8663087b08ef126856e5e17bf9181c83bea651b7a557ef179825bb669ad,3260850,0x4bcfc2f1249bec7c31755927908366ef82a626ed3b6ed066eebd58fc5312d321,47333686,0,0xd76fd76F7101811726DCE9E43C2617706a4c45c8,0x0000000000000000000000000000000000000092,0,40000000,0,0,0x597c96b9ae10f67e2d9a2ec06c7cc1de30ecfa0725a2066d1e6d49874b0636ae56e81f171bcc55a6ff8345e692c0f86e5b48e01b996cadc001622fb5e363b421,,success,0,1701473888
0x4d7006f41eb9c6abed7cf710e6a24a7ba3e145ef91f6b4bc7861d56c006a0624,3260761,0xa96151ea665923dd955e3a34c1bbe2667c3feb0556bb8278d1f450280bf08759,47333685,0,0xfFC679Dcdf444D2eEb0491A998E7902B411CcF20,0x0000000000000000000000000000000000000092,0,40000000,0,0,0x597c96b9ae10f67e2d9a2ec06c7cc1de30ecfa0725a2066d1e6d49874b0636ae56e81f171bcc55a6ff8345e692c0f86e5b48e01b996cadc001622fb5e363b421,,success,0,1701473886
0xb090ebf3af38b1069e3acbcd0d0f93ce17ca74f526846d3235ce1e30c3bb6bd2,3260760,0xa3f91ca3d1966807d06f646a016fcfd985472b01f156cbf22eccb5340b585e2d,47333684,0,0x8A97753311aeAFACfd76a68Cf2e2a9808d3e65E8,0x0000000000000000000000000000000000000092,0,40000000,0,0,0x597c96b9ae10f67e2d9a2ec06c7cc1de30ecfa0725a2066d1e6d49874b0636ae56e81f171bcc55a6ff8345e692c0f86e5b48e01b996cadc001622fb5e363b421,,success,0,1701473884
0xcb824a8dfea72ab8b8ba23f996029c94335fda866e75f5548038e8fceb358f48,3260849,0x84b3752500a03883fce02a63c6984ce68a22796dc1676f3cf52b595bb44ef86a,47333671,0,0xd76fd76F7101811726DCE9E43C2617706a4c45c8,0x0000000000000000000000000000000000000092,0,40000000,0,0,0x597c96b9ae10f67e2d9a2ec06c7cc1de30ecfa0725a2066d1e6d49874b0636ae56e81f171bcc55a6ff8345e692c0f86e5b48e01b996cadc001622fb5e363b421,,success,0,1701473858
0x4e05be950b8be27d5ba76cf617799859b94aa6adadc5ecec5478443a5eb52876,3260760,0x071a4f9ab6d7b6bf569ce1a494e2d82847868a9670e4a931af4f0ae2f3b9a50a,47333670,0,0xfFC679Dcdf444D2eEb0491A998E7902B411CcF20,0x0000000000000000000000000000000000000092,0,40000000,0,0,0x597c96b9ae10f67e2d9a2ec06c7cc1de30ecfa0725a2066d1e6d49874b0636ae56e81f171bcc55a6ff8345e692c0f86e5b48e01b996cadc001622fb5e363b421,,success,0,1701473856
0x0fca0cb18891d22ba80f8d415280063a0d67a44d3551189dea73d1287581c7a5,3260759,0xc99d4a72ec497746013832a336e476eedf59a33f2127785ac6e6cfcd0919ee2b,47333669,0,0x8A97753311aeAFACfd76a68Cf2e2a9808d3e65E8,0x0000000000000000000000000000000000000092,0,40000000,0,0,0x597c96b9ae10f67e2d9a2ec06c7cc1de30ecfa0725a2066d1e6d49874b0636ae56e81f171bcc55a6ff8345e692c0f86e5b48e01b996cadc001622fb5e363b421,,success,0,1701473854
0x90e91950e1060e43378395a201bb9b53360140774dec424249f6323c7ef53000,3260847,0x2be485e89fd1f155cba5cf3e9fd38229f142e7e409a815fdd5f56a471704560b,47333656,0,0xd76fd76F7101811726DCE9E43C2617706a4c45c8,0x0000000000000000000000000000000000000092,0,40000000,0,0,0x597c96b9ae10f67e2d9a2ec06c7cc1de30ecfa0725a2066d1e6d49874b0636ae56e81f171bcc55a6ff8345e692c0f86e5b48e01b996cadc001622fb5e363b421,,success,0,1701473828
0xd4fa893e71d2360aa33dd5b6bfcd47653ed04a0ec84ad0e564702b5cf43f5f10,3260758,0xe190345f837bfe7994aaed5ac8208dcc75921befde61f9cb90842c694352898d,47333655,0,0xfFC679Dcdf444D2eEb0491A998E7902B411CcF20,0x0000000000000000000000000000000000000092,0,40000000,0,0,0x597c96b9ae10f67e2d9a2ec06c7cc1de30ecfa0725a2066d1e6d49874b0636ae56e81f171bcc55a6ff8345e692c0f86e5b48e01b996cadc001622fb5e363b421,,success,0,1701473826
0x444c6c62f399c23de422736e354a6e9783ea5dc1ed82ef5d301e4e697f3b6ec3,3260757,0xb01c6f23ba930bd2f4a1eb13fef3129fe937b3d202a5c4b14abaa40deee7f579,47333654,0,0x8A97753311aeAFACfd76a68Cf2e2a9808d3e65E8,0x0000000000000000000000000000000000000092,0,40000000,0,0,0x597c96b9ae10f67e2d9a2ec06c7cc1de30ecfa0725a2066d1e6d49874b0636ae56e81f171bcc55a6ff8345e692c0f86e5b48e01b996cadc001622fb5e363b421,,success,0,1701473824
0x598dbc741de2f95461df0a1340dce70eaf25386278ba49084c666fa8cfe32036,3260846,0x727196c3ea2a6b938fefb2991241b4c2af67155a15041411d9643929d9dcc3e9,47333641,0,0xd76fd76F7101811726DCE9E43C2617706a4c45c8,0x0000000000000000000000000000000000000092,0,40000000,0,0,0x597c96b9ae10f67e2d9a2ec06c7cc1de30ecfa0725a2066d1e6d49874b0636ae56e81f171bcc55a6ff8345e692c0f86e5b48e01b996cadc001622fb5e363b421,,success,0,1701473798
0xd6722f2034284fdfbf9265b4a4038175958ae56a8b41205ee2f18fb0dfd191d9,3260757,0xa8e98cee7bacad6f8d3e2dabef31976af9ca4a0f14a55f1a5a2b45b84e61da33,47333640,0,0xfFC679Dcdf444D2eEb0491A998E7902B411CcF20,0x0000000000000000000000000000000000000092,0,40000000,0,0,0x597c96b9ae10f67e2d9a2ec06c7cc1de30ecfa0725a2066d1e6d49874b0636ae56e81f171bcc55a6ff8345e692c0f86e5b48e01b996cadc001622fb5e363b421,,success,0,1701473796
0x19c2b4a14d64aabaaf24cb87a61dbdb176e3e7f8fcf97d204b8a6d3943f299da,3260756,0x6eb159db326b6e3fcdc41678e59c2b4dc7ad3eb99a36de99d7291f92b993ba93,47333639,0,0x8A97753311aeAFACfd76a68Cf2e2a9808d3e65E8,0x0000000000000000000000000000000000000092,0,40000000,0,0,0x597c96b9ae10f67e2d9a2ec06c7cc1de30ecfa0725a2066d1e6d49874b0636ae56e81f171bcc55a6ff8345e692c0f86e5b48e01b996cadc001622fb5e363b421,,success,0,1701473794
0xfa26c665b729879c80be54acf1d265177714931b649ef585aa65137a95a8c103,3260845,0xcb1663dc3ef4064b4aa0d6f5fda5f7c2e56315181ef52c73f3b9f2d831e508db,47333626,0,0xd76fd76F7101811726DCE9E43C2617706a4c45c8,0x0000000000000000000000000000000000000092,0,40000000,0,0,0x597c96b9ae10f67e2d9a2ec06c7cc1de30ecfa0725a2066d1e6d49874b0636ae56e81f171bcc55a6ff8345e692c0f86e5b48e01b996cadc001622fb5e363b421,,success,0,1701473768
0xa0f3a76595707c7b9bcac5ca13aad7a338c3a272fbddeed11d55ce0425e91ee1,3260756,0x8c6f17b415b20699ef0e34a0e61454dbef520b540216c8e2291c0c5523580cdd,47333625,0,0xfFC679Dcdf444D2eEb0491A998E7902B411CcF20,0x0000000000000000000000000000000000000092,0,40000000,0,0,0x597c96b9ae10f67e2d9a2ec06c7cc1de30ecfa0725a2066d1e6d49874b0636ae56e81f171bcc55a6ff8345e692c0f86e5b48e01b996cadc001622fb5e363b421,,success,0,1701473766
0x30ccbea6545ffd48ac3a0b58f7235af51fc57f35f09e7310112dfde04aec5b53,3260755,0x0f3cbe044670ff2af4bd875ebb3f9c6b756447ca0ff045c0927a048408fff535,47333624,0,0x8A97753311aeAFACfd76a68Cf2e2a9808d3e65E8,0x0000000000000000000000000000000000000092,0,40000000,0,0,0x597c96b9ae10f67e2d9a2ec06c7cc1de30ecfa0725a2066d1e6d49874b0636ae56e81f171bcc55a6ff8345e692c0f86e5b48e01b996cadc001622fb5e363b421,,success,0,1701473764
0xe6f9a6528be74cb3ee751a2637010ca96d99853816aa00c78b34003f38b78634,3260843,0x1a2ec9be9103693b010ffb15becf0aca18c6920df9391b0a7f40a9c9dc06f7e0,47333611,0,0xd76fd76F7101811726DCE9E43C2617706a4c45c8,0x0000000000000000000000000000000000000092,0,40000000,0,0,0x597c96b9ae10f67e2d9a2ec06c7cc1de30ecfa0725a2066d1e6d49874b0636ae56e81f171bcc55a6ff8345e692c0f86e5b48e01b996cadc001622fb5e363b421,,success,0,1701473738
0xae0314edfa251de491aba021a3e91f38777e47f97411de603d4f644106e44886,3260754,0x9db9635aac62734694773abace67825c667b701509eb0bd49cfda310091ee1dc,47333610,0,0xfFC679Dcdf444D2eEb0491A998E7902B411CcF20,0x0000000000000000000000000000000000000092,0,40000000,0,0,0x597c96b9ae10f67e2d9a2ec06c7cc1de30ecfa0725a2066d1e6d49874b0636ae56e81f171bcc55a6ff8345e692c0f86e5b48e01b996cadc001622fb5e363b421,,success,0,1701473736
0x501509252f42548bbc9f80a99566c5f144d3059597fc8eda17df8e14e2b73703,3260753,0xa51bd8751b295bb0ace7c82a8e445697bfd871bd08d6f2b667d6f2cd5b084f02,47333609,0,0x8A97753311aeAFACfd76a68Cf2e2a9808d3e65E8,0x0000000000000000000000000000000000000092,0,40000000,0,0,0x597c96b9ae10f67e2d9a2ec06c7cc1de30ecfa0725a2066d1e6d49874b0636ae56e81f171bcc55a6ff8345e692c0f86e5b48e01b996cadc001622fb5e363b421,,success,0,1701473734
0xdc52b976412f7a18d31b6e47ff4adf43d53dd3a9dbe8248e04c83ab424543b59,3260842,0x1bfe20d92360bdbea5d9bb5970607766620d4104487afb399694cd17d07b7d29,47333596,0,0xd76fd76F7101811726DCE9E43C2617706a4c45c8,0x0000000000000000000000000000000000000092,0,40000000,0,0,0x597c96b9ae10f67e2d9a2ec06c7cc1de30ecfa0725a2066d1e6d49874b0636ae56e81f171bcc55a6ff8345e692c0f86e5b48e01b996cadc001622fb5e363b421,,success,0,1701473708
0x32a9df102005ae50a0e2e4d05c7ee6abafc6829a844c65f88989cb2c641875fd,3260753,0x4a771e3ca55ee76a323af7b3d22c5b578e2f086bdee0728cc4f5224eb3c85f5c,47333595,0,0xfFC679Dcdf444D2eEb0491A998E7902B411CcF20,0x0000000000000000000000000000000000000092,0,40000000,0,0,0x597c96b9ae10f67e2d9a2ec06c7cc1de30ecfa0725a2066d1e6d49874b0636ae56e81f171bcc55a6ff8345e692c0f86e5b48e01b996cadc001622fb5e363b421,,success,0,1701473706
0xb07a2d5f0bd460f66f800f954e95c390ed0febdb27cf1726dea76563ab1f1812,3260752,0xda34e5cf2024526dba5f7b1a057aeb715dbb85b5267b3bf014b42910d4e8fc4f,47333594,0,0x8A97753311aeAFACfd76a68Cf2e2a9808d3e65E8,0x0000000000000000000000000000000000000092,0,40000000,0,0,0x597c96b9ae10f67e2d9a2ec06c7cc1de30ecfa0725a2066d1e6d49874b0636ae56e81f171bcc55a6ff8345e692c0f86e5b48e01b996cadc001622fb5e363b421,,success,0,1701473704
0x84cc9def4d1d09894f70a6a3acf0e68f1d46bca882c7ed65e6494248a0ea960c,3260841,0xa010042e17a4c8ba71b32cdd1cb0b7a3d8d58b28e4ef0efd955cdfd6bdde7cd2,47333581,0,0xd76fd76F7101811726DCE9E43C2617706a4c45c8,0x0000000000000000000000000000000000000092,0,40000000,0,0,0x597c96b9ae10f67e2d9a2ec06c7cc1de30ecfa0725a2066d1e6d49874b0636ae56e81f171bcc55a6ff8345e692c0f86e5b48e01b996cadc001622fb5e363b421,,success,0,1701473678
0x5ab351c065f8070f61229bcdd29392392a54f723c66e81fe9734eebacea5bc71,3260752,0xce88470de4f421bd75e9b465b2aab828f7c2e0641203ea1e9eb98270df4017e5,47333580,0,0xfFC679Dcdf444D2eEb0491A998E7902B411CcF20,0x0000000000000000000000000000000000000092,0,40000000,0,0,0x597c96b9ae10f67e2d9a2ec06c7cc1de30ecfa0725a2066d1e6d49874b0636ae56e81f171bcc55a6ff8345e692c0f86e5b48e01b996cadc001622fb5e363b421,,success,0,1701473676
0xf09b3d6c59b92df0413918cc8328e18ca957d2dd941911edce32aaf853e13d82,3260751,0x47e683f1f2a6a251d99ba29e42a0d481bfa97e90aae79fbed163ed60ed0b14d8,47333579,0,0x8A97753311aeAFACfd76a68Cf2e2a9808d3e65E8,0x0000000000000000000000000000000000000092,0,40000000,0,0,0x597c96b9ae10f67e2d9a2ec06c7cc1de30ecfa0725a2066d1e6d49874b0636ae56e81f171bcc55a6ff8345e692c0f86e5b48e01b996cadc001622fb5e363b421,,success,0,1701473674
0x2b98363323695e754342b5e6962bf0e4bab97a4205d21594f58eb7c26c910a7d,3260840,0xcbff27ddc22bf64ebb6ed5db42f354833a0011211c78ca15e6fd6b1f3fe93b8d,47333566,0,0xd76fd76F7101811726DCE9E43C2617706a4c45c8,0x0000000000000000000000000000000000000092,0,40000000,0,0,0x597c96b9ae10f67e2d9a2ec06c7cc1de30ecfa0725a2066d1e6d49874b0636ae56e81f171bcc55a6ff8345e692c0f86e5b48e01b996cadc001622fb5e363b421,,success,0,1701473648
0xc17c24ac51b6005a764519e3b7723989e9e03eda90ef22ec1a6b539886f63a17,3260751,0x6920486dea24b07299cbdebae00a0a17ccabfaa3d6139f3d80fdb38bb33d9ecc,47333565,0,0xfFC679Dcdf444D2eEb0491A998E7902B411CcF20,0x0000000000000000000000000000000000000092,0,40000000,0,0,0x597c96b9ae10f67e2d9a2ec06c7cc1de30ecfa0725a2066d1e6d49874b0636ae56e81f171bcc55a6ff8345e692c0f86e5b48e01b996cadc001622fb5e363b421,,success,0,1701473646
0x0c62fe2432788c5a7f4f52d3be2fe47b52364ca03dddca51617627468d241a43,3260750,0x7e850db3f208d68d46d60ea527d929941899c4ef8c9ac8ce1941baa2fef19a27,47333564,0,0x8A97753311aeAFACfd76a68Cf2e2a9808d3e65E8,0x0000000000000000000000000000000000000092,0,40000000,0,0,0x597c96b9ae10f67e2d9a2ec06c7cc1de30ecfa0725a2066d1e6d49874b0636ae56e81f171bcc55a6ff8345e692c0f86e5b48e01b996cadc001622fb5e363b421,,success,0,1701473644
0x0a465ac3a1190786fb14e13db83c825e8c54d0518731cf69bd9f2772ce13dc3d,3260839,0xe61720c9b073d8f98103d6c28e05637d7bca1217e557a284fa4b674fd255ce32,47333551,0,0xd76fd76F7101811726DCE9E43C2617706a4c45c8,0x0000000000000000000000000000000000000092,0,40000000,0,0,0x597c96b9ae10f67e2d9a2ec06c7cc1de30ecfa0725a2066d1e6d49874b0636ae56e81f171bcc55a6ff8345e692c0f86e5b48e01b996cadc001622fb5e363b421,,success,0,1701473618
0x85ecd2a20ddb7b567e199958173389da521fe6404dbe441fe9fa701d29c3ae1a,3260750,0x544d4ef7f4afe2a5db152c629f2cfae9096b8c9ac92ef925eb13ad7a7eec5970,47333550,0,0xfFC679Dcdf444D2eEb0491A998E7902B411CcF20,0x0000000000000000000000000000000000000092,0,40000000,0,0,0x597c96b9ae10f67e2d9a2ec06c7cc1de30ecfa0725a2066d1e6d49874b0636ae56e81f171bcc55a6ff8345e692c0f86e5b48e01b996cadc001622fb5e363b421,,success,0,1701473616
0xddc70497e5abdfb8b5d4d9ccd52d51299de56b2a77c7e59ab92c8b5e234d436c,3260749,0x3b5d88abbab5b0d3075256516df62d76b6e976ebccc01dd34314f468e5b03630,47333549,0,0x8A97753311aeAFACfd76a68Cf2e2a9808d3e65E8,0x0000000000000000000000000000000000000092,0,40000000,0,0,0x597c96b9ae10f67e2d9a2ec06c7cc1de30ecfa0725a2066d1e6d49874b0636ae56e81f171bcc55a6ff8345e692c0f86e5b48e01b996cadc001622fb5e363b421,,success,0,1701473614
0x68197d62d1061cd4479251d2bf6c061f73933a8fd6cfee78e17a6a4e661e0ab8,3260838,0x84b5dc755c25fab93d13cac5ad61ab31ad9dbd24535fa08bdaa01c916b73851a,47333536,0,0xd76fd76F7101811726DCE9E43C2617706a4c45c8,0x0000000000000000000000000000000000000092,0,40000000,0,0,0x597c96b9ae10f67e2d9a2ec06c7cc1de30ecfa0725a2066d1e6d49874b0636ae56e81f171bcc55a6ff8345e692c0f86e5b48e01b996cadc001622fb5e363b421,,success,0,1701473588
0x7b423ab646619a2caba736aa3e9039ec576df0c56beed347c6fed14f54c036c7,3260749,0xfebfe71eed0fee5ff0f42e9c7d4e8e7c15ea8d68961fa6db2d7c7b9febbcb51e,47333535,0,0xfFC679Dcdf444D2eEb0491A998E7902B411CcF20,0x0000000000000000000000000000000000000092,0,40000000,0,0,0x597c96b9ae10f67e2d9a2ec06c7cc1de30ecfa0725a2066d1e6d49874b0636ae56e81f171bcc55a6ff8345e692c0f86e5b48e01b996cadc001622fb5e363b421,,success,0,1701473586
0x4730546bca64c83b3e5ad48903c14cd7550f8debb10386555fab4ecd07d37966,3260748,0xfcdeaf596c41b02e776b566e7cb5b7d3f8fb5dbc0737a4506729edc5edad2178,47333534,0,0x8A97753311aeAFACfd76a68Cf2e2a9808d3e65E8,0x0000000000000000000000000000000000000092,0,40000000,0,0,0x597c96b9ae10f67e2d9a2ec06c7cc1de30ecfa0725a2066d1e6d49874b0636ae56e81f171bcc55a6ff8345e692c0f86e5b48e01b996cadc001622fb5e363b421,,success,0,1701473584
0x42351fc96e427d9f14a90aa6a52cc6486271498f43e68c1d571c76ffc770a3dd,3260837,0x17a90babb6b752a685c041928d12d627b06653e66a1948ad7a2d37a76ded8a2c,47333521,0,0xd76fd76F7101811726DCE9E43C2617706a4c45c8,0x0000000000000000000000000000000000000092,0,40000000,0,0,0x597c96b9ae10f67e2d9a2ec06c7cc1de30ecfa0725a2066d1e6d49874b0636ae56e81f171bcc55a6ff8345e692c0f86e5b48e01b996cadc001622fb5e363b421,,success,0,1701473558
0x61c59556cfa936d9977a348b5f38e93edf967b94d1046008ef65913fe37f07b0,3260748,0x7202087790b4ec663fdaceddbad51840ddd2dda5f113815cb344726ddf1519eb,47333520,0,0xfFC679Dcdf444D2eEb0491A998E7902B411CcF20,0x0000000000000000000000000000000000000092,0,40000000,0,0,0x597c96b9ae10f67e2d9a2ec06c7cc1de30ecfa0725a2066d1e6d49874b0636ae56e81f171bcc55a6ff8345e692c0f86e5b48e01b996cadc001622fb5e363b421,,success,0,1701473556
0x0bbeba22313b7855baa39ff6d9ddbae762151a4c9b378b7681be3d833036d8c5,3260747,0x598326e4323008129d89605b129cba8e7dafb01a05aafdbc6ef10ee1123e1989,47333519,0,0x8A97753311aeAFACfd76a68Cf2e2a9808d3e65E8,0x0000000000000000000000000000000000000092,0,40000000,0,0,0x597c96b9ae10f67e2d9a2ec06c7cc1de30ecfa0725a2066d1e6d49874b0636ae56e81f171bcc55a6ff8345e692c0f86e5b48e01b996cadc001622fb5e363b421,,success,0,1701473554
0x13b5e5027ae9cf2168bf38b6b7a822ecc4ae6211276225d7b13e6dd0b4e57a01,3260836,0x3f4561746c134a54c71d010e59750e58b18e3ee5a67ad834d7e5f053b6ca3e03,47333506,0,0xd76fd76F7101811726DCE9E43C2617706a4c45c8,0x0000000000000000000000000000000000000092,0,40000000,0,0,0x597c96b9ae10f67e2d9a2ec06c7cc1de30ecfa0725a2066d1e6d49874b0636ae56e81f171bcc55a6ff8345e692c0f86e5b48e01b996cadc001622fb5e363b421,,success,0,1701473528
0x257dce691eba685836ee8a6a3566caf2c2ae3bafc443041b6477c90ee170d66e,3260747,0xcea3ef6e69ee8cf9a1874d29ca8bab05dafacfdafc5c89754e992c0aeaf8e9ec,47333505,0,0xfFC679Dcdf444D2eEb0491A998E7902B411CcF20,0x0000000000000000000000000000000000000092,0,40000000,0,0,0x597c96b9ae10f67e2d9a2ec06c7cc1de30ecfa0725a2066d1e6d49874b0636ae56e81f171bcc55a6ff8345e692c0f86e5b48e01b996cadc001622fb5e363b421,,success,0,1701473526
0x5520e57ba4e07e54e93b4c78990f07199803e6aa8dd1609a5580b5cd1bb05027,3260746,0x23f78740ee7ed389185836eec10d3fe73397babdd5a5c5084f5dca916ba5b615,47333504,0,0x8A97753311aeAFACfd76a68Cf2e2a9808d3e65E8,0x0000000000000000000000000000000000000092,0,40000000,0,0,0x597c96b9ae10f67e2d9a2ec06c7cc1de30ecfa0725a2066d1e6d49874b0636ae56e81f171bcc55a6ff8345e692c0f86e5b48e01b996cadc001622fb5e363b421,,success,0,1701473524
0x271518b50f2cee2e0adc73c34e21d7e8698d41658e4b157c4753d9c1d69dc05c,3260835,0x0e8237e084db143ff1296fec2e49adb0c7c445ffbf448e35de39b38fdbca262a,47333491,0,0xd76fd76F7101811726DCE9E43C2617706a4c45c8,0x0000000000000000000000000000000000000092,0,40000000,0,0,0x597c96b9ae10f67e2d9a2ec06c7cc1de30ecfa0725a2066d1e6d49874b0636ae56e81f171bcc55a6ff8345e692c0f86e5b48e01b996cadc001622fb5e363b421,,success,0,1701473498
0x841d75f6c34ba7585ea4916eaa5960af22916d44b3332ae3584dcbb025a7ff76,3260746,0x4c19ac2d4a8b03c9130aa151d4a20da1b8df0c38b889c6b0272a596511eb201a,47333490,0,0xfFC679Dcdf444D2eEb0491A998E7902B411CcF20,0x0000000000000000000000000000000000000092,0,40000000,0,0,0x597c96b9ae10f67e2d9a2ec06c7cc1de30ecfa0725a2066d1e6d49874b0636ae56e81f171bcc55a6ff8345e692c0f86e5b48e01b996cadc001622fb5e363b421,,success,0,1701473496
0x9bbfdc62e5edf1ed3dc9aa2f4709351d683aaa151619edf968f3b4ceb941900e,3260745,0x1820604dc859de145dfe53a963c0038498d3207608b32ff7a8cfa58a16706a13,47333489,0,0x8A97753311aeAFACfd76a68Cf2e2a9808d3e65E8,0x0000000000000000000000000000000000000092,0,40000000,0,0,0x597c96b9ae10f67e2d9a2ec06c7cc1de30ecfa0725a2066d1e6d49874b0636ae56e81f171bcc55a6ff8345e692c0f86e5b48e01b996cadc001622fb5e363b421,,success,0,1701473494
0xa962ca93fc4ea4d3d4e68f21c8747d825a5ab887905b0306895b7ed8f4f45f3d,3260834,0x8d5fdf7a3a03a8e25b0345d58e85fdc465d3e162d30f1b1aefdf7fc0b320a311,47333476,0,0xd76fd76F7101811726DCE9E43C2617706a4c45c8,0x0000000000000000000000000000000000000092,0,40000000,0,0,0x597c96b9ae10f67e2d9a2ec06c7cc1de30ecfa0725a2066d1e6d49874b0636ae56e81f171bcc55a6ff8345e692c0f86e5b48e01b996cadc001622fb5e363b421,,success,0,1701473468
0x41e27d47dcc15d156d0438950d4285f7c7b282c0a21d67c1ef32bca370705c3c,3260745,0xe413ae2696c413da8ee29c21dd0327302392020dabb7d8ae67fb5b29d4a2fa55,47333475,0,0xfFC679Dcdf444D2eEb0491A998E7902B411CcF20,0x0000000000000000000000000000000000000092,0,40000000,0,0,0x597c96b9ae10f67e2d9a2ec06c7cc1de30ecfa0725a2066d1e6d49874b0636ae56e81f171bcc55a6ff8345e692c0f86e5b48e01b996cadc001622fb5e363b421,,success,0,1701473466
0xf042a998ab4092e00d6be0689a261e0b330fee91ae1c2e9b0bc1d02c3a98eede,3260744,0x437b4f8bb747258a9274be573ffe9cf60f6561d2617e260fc5d9409a10ee3877,47333474,0,0x8A97753311aeAFACfd76a68Cf2e2a9808d3e65E8,0x0000000000000000000000000000000000000092,0,40000000,0,0,0x597c96b9ae10f67e2d9a2ec06c7cc1de30ecfa0725a2066d1e6d49874b0636ae56e81f171bcc55a6ff8345e692c0f86e5b48e01b996cadc001622fb5e363b421,,success,0,1701473464
0x7bb847e58338cee606633107171291f00b332e4cf3afa654d7044382c91354bf,3260833,0x5885cc61b70d3a9862a59648a48602d703f4c3a47c3f6ebad531e01c24adc528,47333461,0,0xd76fd76F7101811726DCE9E43C2617706a4c45c8,0x0000000000000000000000000000000000000092,0,40000000,0,0,0x597c96b9ae10f67e2d9a2ec06c7cc1de30ecfa0725a2066d1e6d49874b0636ae56e81f171bcc55a6ff8345e692c0f86e5b48e01b996cadc001622fb5e363b421,,success,0,1701473438
0x51b8bf877dc5f3ddb8a3e9e6227133b0eeba1962bd385012ee2b44e355fa8192,3260744,0x284a8d73aa8116941bef9245fd90ea47cb6efd7780ebc784e3798ef0047351da,47333460,0,0xfFC679Dcdf444D2eEb0491A998E7902B411CcF20,0x0000000000000000000000000000000000000092,0,40000000,0,0,0x597c96b9ae10f67e2d9a2ec06c7cc1de30ecfa0725a2066d1e6d49874b0636ae56e81f171bcc55a6ff8345e692c0f86e5b48e01b996cadc001622fb5e363b421,,success,0,1701473436
0x30089664d684dd9872bfe72f3414f2ae681352ebe54bb753dd5892c66bd8683e,3260743,0x416290f94457b7b9f2d1363d7a598643e6557ced6325a3cc7c0bda4e8cde6336,47333459,0,0x8A97753311aeAFACfd76a68Cf2e2a9808d3e65E8,0x0000000000000000000000000000000000000092,0,40000000,0,0,0x597c96b9ae10f67e2d9a2ec06c7cc1de30ecfa0725a2066d1e6d49874b0636ae56e81f171bcc55a6ff8345e692c0f86e5b48e01b996cadc001622fb5e363b421,,success,0,1701473434
0x08eb34ed86ff698b4cf9917a83802f9ff2ee837e24a33a6c3bd06250ac00d78a,3260832,0x1b2a34570c8f41f3cd57685b2fd62bedb63a7d583f094b98d3cbbf80ec154819,47333446,0,0xd76fd76F7101811726DCE9E43C2617706a4c45c8,0x0000000000000000000000000000000000000092,0,40000000,0,0,0x597c96b9ae10f67e2d9a2ec06c7cc1de30ecfa0725a2066d1e6d49874b0636ae56e81f171bcc55a6ff8345e692c0f86e5b48e01b996cadc001622fb5e363b421,,success,0,1701473408
0xad450761beb75eb18cb72b774de42b374a6c5dc9d7e019d45ab454b917a42ab1,3260743,0xe385af9c81bc45c85f38cd4fb4af5483a73940b08dae3ab43ed1a3720efa6131,47333445,0,0xfFC679Dcdf444D2eEb0491A998E7902B411CcF20,0x0000000000000000000000000000000000000092,0,40000000,0,0,0x597c96b9ae10f67e2d9a2ec06c7cc1de30ecfa0725a2066d1e6d49874b0636ae56e81f171bcc55a6ff8345e692c0f86e5b48e01b996cadc001622fb5e363b421,,success,0,1701473406
0xb86965c6bd159987d43161265c48b76bdd4464db0ce0114189c9bec7b26dbcbe,3260742,0x4afaf7f74616c00fe8d21ab1f91cdff7ff0a838138126f45e811f5c8d910bd62,47333444,0,0x8A97753311aeAFACfd76a68Cf2e2a9808d3e65E8,0x0000000000000000000000000000000000000092,0,40000000,0,0,0x597c96b9ae10f67e2d9a2ec06c7cc1de30ecfa0725a2066d1e6d49874b0636ae56e81f171bcc55a6ff8345e692c0f86e5b48e01b996cadc001622fb5e363b421,,success,0,1701473404
0xc41b00c0e53ddada48cd31d30cf70e725cd26a66eb2ba09bd1ad103119bbbd53,3260831,0xec30228464d86da4b96c19c13b33dd9086c6ef7125e335b0df68de110d85619a,47333431,0,0xd76fd76F7101811726DCE9E43C2617706a4c45c8,0x0000000000000000000000000000000000000092,0,40000000,0,0,0x597c96b9ae10f67e2d9a2ec06c7cc1de30ecfa0725a2066d1e6d49874b0636ae56e81f171bcc55a6ff8345e692c0f86e5b48e01b996cadc001622fb5e363b421,,success,0,1701473378
0x5a18053588ae4d459138a4b3ad28c48c9678b531fd0b66b8fb403bf5c09f8d5c,3260742,0x2e0b2843b84268e0bd63bf70aed8dc1a8ebe8d61612b2559a1f5cd6560e3fd18,47333430,0,0xfFC679Dcdf444D2eEb0491A998E7902B411CcF20,0x0000000000000000000000000000000000000092,0,40000000,0,0,0x597c96b9ae10f67e2d9a2ec06c7cc1de30ecfa0725a2066d1e6d49874b0636ae56e81f171bcc55a6ff8345e692c0f86e5b48e01b996cadc001622fb5e363b421,,success,0,1701473376
0x1178ff872f3d21859d47f7bf96233878b3498a60c3e1f603e1eaa00ed5b0bbd3,3260741,0xca2cb790ceb56f57b6a56e86bac350fc2a19c2a8771c4495203645a5b2366443,47333429,0,0x8A97753311aeAFACfd76a68Cf2e2a9808d3e65E8,0x0000000000000000000000000000000000000092,0,40000000,0,0,0x597c96b9ae10f67e2d9a2ec06c7cc1de30ecfa0725a2066d1e6d49874b0636ae56e81f171bcc55a6ff8345e692c0f86e5b48e01b996cadc001622fb5e363b421,,success,0,1701473374
0xd5e773715b270320052efcab795e182cf687ef5b47f7c3c9e0a340e63ed29586,3260830,0xdfe67b965191b703da40c561b2e1aeb2bf260c3bae86cdfd12db66f880383900,47333416,0,0xd76fd76F7101811726DCE9E43C2617706a4c45c8,0x0000000000000000000000000000000000000092,0,40000000,0,0,0x597c96b9ae10f67e2d9a2ec06c7cc1de30ecfa0725a2066d1e6d49874b0636ae56e81f171bcc55a6ff8345e692c0f86e5b48e01b996cadc001622fb5e363b421,,success,0,1701473348
0x3014b86797a6469454719eb6cfe55f31b9751e3d7d0da3807167068e81d643a7,3260741,0xa05911c5cca0248f07be02da3cf8b10796026be07f4ebd08d086c5878eac4416,47333415,0,0xfFC679Dcdf444D2eEb0491A998E7902B411CcF20,0x0000000000000000000000000000000000000092,0,40000000,0,0,0x597c96b9ae10f67e2d9a2ec06c7cc1de30ecfa0725a2066d1e6d49874b0636ae56e81f171bcc55a6ff8345e692c0f86e5b48e01b996cadc001622fb5e363b421,,success,0,1701473346
0x592c4542013bbf19fd0ac250cafdfa51b8a18f67afddb072a4f2ba8a07f5702c,3260740,0xd1ebce31ce8e55204d945c90f059ff8b64a13cb69ef847827a15f77c381b53ea,47333414,0,0x8A97753311aeAFACfd76a68Cf2e2a9808d3e65E8,0x0000000000000000000000000000000000000092,0,40000000,0,0,0x597c96b9ae10f67e2d9a2ec06c7cc1de30ecfa0725a2066d1e6d49874b0636ae56e81f171bcc55a6ff8345e692c0f86e5b48e01b996cadc001622fb5e363b421,,success,0,1701473344
0xb01751da31bb494a8787d98ee89f112812768ce9270c787e198d54c51e56d9bc,3260829,0x2a0d439d648b18bfbf13fbe03d6d71deadf6ea582a8af9a35e20b73648e7d9c7,47333401,0,0xd76fd76F7101811726DCE9E43C2617706a4c45c8,0x0000000000000000000000000000000000000092,0,40000000,0,0,0x597c96b9ae10f67e2d9a2ec06c7cc1de30ecfa0725a2066d1e6d49874b0636ae56e81f171bcc55a6ff8345e692c0f86e5b48e01b996cadc001622fb5e363b421,,success,0,1701473318
0x3a276b8a9126a009706ee93b536488b96ae7c0064ba46f7b20039c8031e87e7e,3260740,0x28e19b175279f8d2a51998b20b979bd74c12470eefb15b9723a6643257702116,47333400,0,0xfFC679Dcdf444D2eEb0491A998E7902B411CcF20,0x0000000000000000000000000000000000000092,0,40000000,0,0,0x597c96b9ae10f67e2d9a2ec06c7cc1de30ecfa0725a2066d1e6d49874b0636ae56e81f171bcc55a6ff8345e692c0f86e5b48e01b996cadc001622fb5e363b421,,success,0,1701473316
0xa7a081af4ed677954558ed2b735efdab426f2a80fea873bd70ba7a0e9828c5a4,3260739,0xda4e8f92c0323b982e6270c2b286fadea4a7a5ec52258182e11772b46adf715a,47333399,0,0x8A97753311aeAFACfd76a68Cf2e2a9808d3e65E8,0x0000000000000000000000000000000000000092,0,40000000,0,0,0x597c96b9ae10f67e2d9a2ec06c7cc1de30ecfa0725a2066d1e6d49874b0636ae56e81f171bcc55a6ff8345e692c0f86e5b48e01b996cadc001622fb5e363b421,,success,0,1701473314
0x7c1de9c0a704c362832e878d95081d319191d82b61d4c9dd2f2adcec32e0f5a9,3260828,0x8928d303281dfe00c0eb89e0aed49ebf3a0d9b4e9971ac81bc9ce72b10161314,47333386,0,0xd76fd76F7101811726DCE9E43C2617706a4c45c8,0x0000000000000000000000000000000000000092,0,40000000,0,0,0x597c96b9ae10f67e2d9a2ec06c7cc1de30ecfa0725a2066d1e6d49874b0636ae56e81f171bcc55a6ff8345e692c0f86e5b48e01b996cadc001622fb5e363b421,,success,0,1701473288
0x8b0bffbe4120fff56ca7ae96ea35c2044fdc3dc264460802bb6211c4dc0f95ae,3260739,0xa8560137327e8a52e7f3897a409c6562e7b8bc3fa9ce587d46602d7160c82c16,47333385,0,0xfFC679Dcdf444D2eEb0491A998E7902B411CcF20,0x0000000000000000000000000000000000000092,0,40000000,0,0,0x597c96b9ae10f67e2d9a2ec06c7cc1de30ecfa0725a2066d1e6d49874b0636ae56e81f171bcc55a6ff8345e692c0f86e5b48e01b996cadc001622fb5e363b421,,success,0,1701473286
0x72d8133dfe0dac4e0abc6e6625b6d4f9c6d4c28f4c868cb5141d64e7805213e3,3260738,0x513c3ab7e104cdd238d9ed066c3c64e6bb255b4e9112d9ce0911715fee11d23c,47333384,0,0x8A97753311aeAFACfd76a68Cf2e2a9808d3e65E8,0x0000000000000000000000000000000000000092,0,40000000,0,0,0x597c96b9ae10f67e2d9a2ec06c7cc1de30ecfa0725a2066d1e6d49874b0636ae56e81f171bcc55a6ff8345e692c0f86e5b48e01b996cadc001622fb5e363b421,,success,0,1701473284
0x418bb751223bd08024f34f8169049aee7148fe28177c73476cee7d98389dd8b2,3260827,0x0b91ce4dbcce88330229776942802ba64e99e007e108ed0e1678890caf5d1a08,47333371,0,0xd76fd76F7101811726DCE9E43C2617706a4c45c8,0x0000000000000000000000000000000000000092,0,40000000,0,0,0x597c96b9ae10f67e2d9a2ec06c7cc1de30ecfa0725a2066d1e6d49874b0636ae56e81f171bcc55a6ff8345e692c0f86e5b48e01b996cadc001622fb5e363b421,,success,0,1701473258
0x3fe3b4776932c40ceb32ef297ef09baadc3f830d8f91f66c2f854a4610f1909e,3260738,0x47c27be12a19d50eb3833084b7b4357cf915c27cdaa4fc49d0c745b19933dd6a,47333370,0,0xfFC679Dcdf444D2eEb0491A998E7902B411CcF20,0x0000000000000000000000000000000000000092,0,40000000,0,0,0x597c96b9ae10f67e2d9a2ec06c7cc1de30ecfa0725a2066d1e6d49874b0636ae56e81f171bcc55a6ff8345e692c0f86e5b48e01b996cadc001622fb5e363b421,,success,0,1701473256
0x5fdcd24a15bb5c9a3ab71f0702f68e6cfc472ee3cd2af96b73e66c28ab905e79,3260737,0xa2c431dfdc45eb78b1f8d8a31c4c14023408e962faeca00c7b5a40fda353808c,47333369,0,0x8A97753311aeAFACfd76a68Cf2e2a9808d3e65E8,0x0000000000000000000000000000000000000092,0,40000000,0,0,0x597c96b9ae10f67e2d9a2ec06c7cc1de30ecfa0725a2066d1e6d49874b0636ae56e81f171bcc55a6ff8345e692c0f86e5b48e01b996cadc001622fb5e363b421,,success,0,1701473254
0xe8b89c63897e4ca779ad157cc2d2b4cda6ce22899d4d47112588b7d7e9cc85ab,3260826,0x8611894ebf2af69ef4ec7ec542ac0395febd3031068ca8e7bd9cf0ac83628f59,47333356,0,0xd76fd76F7101811726DCE9E43C2617706a4c45c8,0x0000000000000000000000000000000000000092,0,40000000,0,0,0x597c96b9ae10f67e2d9a2ec06c7cc1de30ecfa0725a2066d1e6d49874b0636ae56e81f171bcc55a6ff8345e692c0f86e5b48e01b996cadc001622fb5e363b421,,success,0,1701473228
0xaf60a1379d1fcecf75f9b6602340736838bc6c5ff18fcc1036eeb54bbe36d39a,3260737,0xb918f524fe04c6e19208aa05f7f6394fc153c92545fb41dfd423b9a8cc616944,47333355,0,0xfFC679Dcdf444D2eEb0491A998E7902B411CcF20,0x0000000000000000000000000000000000000092,0,40000000,0,0,0x597c96b9ae10f67e2d9a2ec06c7cc1de30ecfa0725a2066d1e6d49874b0636ae56e81f171bcc55a6ff8345e692c0f86e5b48e01b996cadc001622fb5e363b421,,success,0,1701473226
0x00135a08b71217346b07da5d0569a8fd44e20eb91abcb496e0acfbbe6d616740,3260736,0x098cfaf519cceabd0feba3bf156c72758a083174d335c071ca9fbcf63c54fb05,47333354,0,0x8A97753311aeAFACfd76a68Cf2e2a9808d3e65E8,0x0000000000000000000000000000000000000092,0,40000000,0,0,0x597c96b9ae10f67e2d9a2ec06c7cc1de30ecfa0725a2066d1e6d49874b0636ae56e81f171bcc55a6ff8345e692c0f86e5b48e01b996cadc001622fb5e363b421,,success,0,1701473224
0x92d9323ba11364a0ca5c0a6650c085169cf9bc0610ed6da7814d514e3f75f9a4,3260825,0x6d32d5c0b3da57a43653cea2f49a8b8f72e5578bcf121c69dd002b4c3cbd4edb,47333341,0,0xd76fd76F7101811726DCE9E43C2617706a4c45c8,0x0000000000000000000000000000000000000092,0,40000000,0,0,0x597c96b9ae10f67e2d9a2ec06c7cc1de30ecfa0725a2066d1e6d49874b0636ae56e81f171bcc55a6ff8345e692c0f86e5b48e01b996cadc001622fb5e363b421,,success,0,1701473198
